date,split,model,actual,predicted,department,age_group
2009-12-21,backtest,RandomForest,4.0,11.056864398249648,AMAZONAS,under5
2009-12-28,backtest,RandomForest,14.5,11.693232198166331,AMAZONAS,under5
2010-01-04,backtest,RandomForest,25.0,12.98371841161205,AMAZONAS,under5
2010-01-11,backtest,RandomForest,8.0,14.266565442661049,AMAZONAS,under5
2010-01-18,backtest,RandomForest,9.0,14.866103307447139,AMAZONAS,under5
2010-01-25,backtest,RandomForest,13.0,16.327953257523617,AMAZONAS,under5
2010-02-01,backtest,RandomForest,6.0,16.176618249370392,AMAZONAS,under5
2010-02-08,backtest,RandomForest,12.0,15.078771295860324,AMAZONAS,under5
2010-02-15,backtest,RandomForest,15.0,12.88950489598374,AMAZONAS,under5
2010-02-22,backtest,RandomForest,5.0,12.760982707075915,AMAZONAS,under5
2010-03-01,backtest,RandomForest,6.0,12.870257285297086,AMAZONAS,under5
2010-03-08,backtest,RandomForest,14.0,12.545456988803226,AMAZONAS,under5
2010-03-15,backtest,RandomForest,6.0,12.555521347595242,AMAZONAS,under5
2010-03-22,backtest,RandomForest,15.0,11.987560623660587,AMAZONAS,under5
2010-03-29,backtest,RandomForest,6.0,13.730298435279384,AMAZONAS,under5
2010-04-05,backtest,RandomForest,9.0,14.64189959397627,AMAZONAS,under5
2010-04-12,backtest,RandomForest,12.0,14.718280830645359,AMAZONAS,under5
2010-04-19,backtest,RandomForest,17.0,17.161817357322324,AMAZONAS,under5
2010-04-26,backtest,RandomForest,10.0,16.244568569763867,AMAZONAS,under5
2010-05-03,backtest,RandomForest,18.0,16.66104043960899,AMAZONAS,under5
2010-05-10,backtest,RandomForest,12.0,20.69007983925155,AMAZONAS,under5
2010-05-17,backtest,RandomForest,18.0,20.580221654956745,AMAZONAS,under5
2010-05-24,backtest,RandomForest,14.0,19.753332178429197,AMAZONAS,under5
2010-05-31,backtest,RandomForest,14.0,22.70198537250687,AMAZONAS,under5
2010-06-07,backtest,RandomForest,6.0,15.551390651012607,AMAZONAS,under5
2010-06-14,backtest,RandomForest,21.0,17.407663934185777,AMAZONAS,under5
2010-06-21,backtest,RandomForest,18.0,17.713184554189006,AMAZONAS,under5
2010-06-28,backtest,RandomForest,18.0,18.32552312301042,AMAZONAS,under5
2010-07-05,backtest,RandomForest,26.0,16.887225247141565,AMAZONAS,under5
2010-07-12,backtest,RandomForest,12.0,18.809441838457847,AMAZONAS,under5
2010-07-19,backtest,RandomForest,27.0,19.67033653415226,AMAZONAS,under5
2010-07-26,backtest,RandomForest,6.0,19.213643350283608,AMAZONAS,under5
2010-08-02,backtest,RandomForest,19.0,17.05199226048078,AMAZONAS,under5
2010-08-09,backtest,RandomForest,13.0,17.412583886112458,AMAZONAS,under5
2010-08-16,backtest,RandomForest,14.0,17.972093623669664,AMAZONAS,under5
2010-08-23,backtest,RandomForest,10.0,16.550459694252794,AMAZONAS,under5
2010-08-30,backtest,RandomForest,14.0,14.361498419689495,AMAZONAS,under5
2010-09-06,backtest,RandomForest,14.0,13.578619338418294,AMAZONAS,under5
2010-09-13,backtest,RandomForest,12.0,14.650708600050862,AMAZONAS,under5
2010-09-20,backtest,RandomForest,7.0,13.23673196092166,AMAZONAS,under5
2010-09-27,backtest,RandomForest,17.0,12.51049069229424,AMAZONAS,under5
2010-10-04,backtest,RandomForest,12.0,12.497852991880253,AMAZONAS,under5
2010-10-11,backtest,RandomForest,20.0,11.998487587574525,AMAZONAS,under5
2010-10-18,backtest,RandomForest,29.0,11.718442543851179,AMAZONAS,under5
2010-10-25,backtest,RandomForest,18.0,15.929040225201941,AMAZONAS,under5
2010-11-01,backtest,RandomForest,17.0,15.819690915237615,AMAZONAS,under5
2010-11-08,backtest,RandomForest,8.0,15.75203643433178,AMAZONAS,under5
2010-11-15,backtest,RandomForest,8.0,16.02280698694662,AMAZONAS,under5
2010-11-22,backtest,RandomForest,22.0,13.490147209195495,AMAZONAS,under5
2010-11-29,backtest,RandomForest,22.0,12.446781382717266,AMAZONAS,under5
2010-12-06,backtest,RandomForest,13.0,12.237218700020259,AMAZONAS,under5
2010-12-13,backtest,RandomForest,18.0,12.257205135893349,AMAZONAS,under5
2010-12-20,backtest,RandomForest,15.0,15.931300559264976,AMAZONAS,under5
2010-12-27,backtest,RandomForest,18.0,15.745977513479335,AMAZONAS,under5
2011-01-03,backtest,RandomForest,20.0,15.653390063706434,AMAZONAS,under5
2011-01-10,backtest,RandomForest,28.0,16.199048232380242,AMAZONAS,under5
2011-01-17,backtest,RandomForest,43.0,19.155786818853954,AMAZONAS,under5
2011-01-24,backtest,RandomForest,17.0,18.28634610363559,AMAZONAS,under5
2011-01-31,backtest,RandomForest,22.0,17.246887813147623,AMAZONAS,under5
2011-02-07,backtest,RandomForest,14.0,17.42537038776004,AMAZONAS,under5
2011-02-14,backtest,RandomForest,14.0,18.64454171492486,AMAZONAS,under5
2011-02-21,backtest,RandomForest,12.0,19.090129512920434,AMAZONAS,under5
2011-02-28,backtest,RandomForest,21.0,19.374905560939776,AMAZONAS,under5
2011-03-07,backtest,RandomForest,21.0,19.032361331818404,AMAZONAS,under5
2011-03-14,backtest,RandomForest,19.0,19.02355535197212,AMAZONAS,under5
2011-03-21,backtest,RandomForest,25.0,18.3489222573799,AMAZONAS,under5
2011-03-28,backtest,RandomForest,11.0,19.097923247732616,AMAZONAS,under5
2011-04-04,backtest,RandomForest,15.0,19.449267106784255,AMAZONAS,under5
2011-04-11,backtest,RandomForest,20.0,18.78663129535765,AMAZONAS,under5
2011-04-18,backtest,RandomForest,27.0,19.790269352325314,AMAZONAS,under5
2011-04-25,backtest,RandomForest,24.0,17.938431603928073,AMAZONAS,under5
2011-05-02,backtest,RandomForest,23.0,20.070011831889047,AMAZONAS,under5
2011-05-09,backtest,RandomForest,23.0,20.929552624330665,AMAZONAS,under5
2011-05-16,backtest,RandomForest,31.0,20.723076191975583,AMAZONAS,under5
2011-05-23,backtest,RandomForest,21.0,21.114681899147016,AMAZONAS,under5
2011-05-30,backtest,RandomForest,14.0,21.781856690741826,AMAZONAS,under5
2011-06-06,backtest,RandomForest,13.0,20.390414805291403,AMAZONAS,under5
2011-06-13,backtest,RandomForest,35.0,23.767382579148588,AMAZONAS,under5
2011-06-20,backtest,RandomForest,16.0,21.673800655636114,AMAZONAS,under5
2011-06-27,backtest,RandomForest,12.0,20.828464746290674,AMAZONAS,under5
2011-07-04,backtest,RandomForest,9.0,17.84831013327228,AMAZONAS,under5
2011-07-11,backtest,RandomForest,12.0,22.6102113301229,AMAZONAS,under5
2011-07-18,backtest,RandomForest,16.0,19.881168568943288,AMAZONAS,under5
2011-07-25,backtest,RandomForest,8.0,19.31481160349128,AMAZONAS,under5
2011-08-01,backtest,RandomForest,7.0,13.808485508980644,AMAZONAS,under5
2011-08-08,backtest,RandomForest,7.0,15.017654679799625,AMAZONAS,under5
2011-08-15,backtest,RandomForest,21.0,14.597128065539753,AMAZONAS,under5
2011-08-22,backtest,RandomForest,7.0,13.887642427176118,AMAZONAS,under5
2011-08-29,backtest,RandomForest,10.0,13.694398548566586,AMAZONAS,under5
2011-09-05,backtest,RandomForest,12.0,14.835190759757765,AMAZONAS,under5
2011-09-12,backtest,RandomForest,10.0,16.418553630088493,AMAZONAS,under5
2011-09-19,backtest,RandomForest,13.0,14.710619907520863,AMAZONAS,under5
2011-09-26,backtest,RandomForest,11.0,12.519444591779617,AMAZONAS,under5
2011-10-03,backtest,RandomForest,11.0,13.718488369285598,AMAZONAS,under5
2011-10-10,backtest,RandomForest,11.0,14.323662522839477,AMAZONAS,under5
2011-10-17,backtest,RandomForest,8.0,14.304663245698876,AMAZONAS,under5
2011-10-24,backtest,RandomForest,5.0,12.660728370106465,AMAZONAS,under5
2011-10-31,backtest,RandomForest,6.0,12.697008079542423,AMAZONAS,under5
2011-11-07,backtest,RandomForest,7.0,12.50432597577372,AMAZONAS,under5
2011-11-14,backtest,RandomForest,10.0,12.370489913388555,AMAZONAS,under5
2011-11-21,backtest,RandomForest,14.0,11.408049466183293,AMAZONAS,under5
2011-11-28,backtest,RandomForest,7.0,11.832369802285227,AMAZONAS,under5
2011-12-05,backtest,RandomForest,16.0,12.10373362528744,AMAZONAS,under5
2011-12-12,backtest,RandomForest,10.0,12.364649465773837,AMAZONAS,under5
2011-12-19,backtest,RandomForest,7.0,12.534733305654163,AMAZONAS,under5
2011-12-26,backtest,RandomForest,6.0,11.722817212760615,AMAZONAS,under5
2012-01-02,backtest,RandomForest,9.0,15.135895071702771,AMAZONAS,under5
2012-01-09,backtest,RandomForest,11.0,13.597862607131251,AMAZONAS,under5
2012-01-16,backtest,RandomForest,32.0,11.383362765075795,AMAZONAS,under5
2012-01-23,backtest,RandomForest,11.0,10.603005190207769,AMAZONAS,under5
2012-01-30,backtest,RandomForest,5.0,11.127024093254736,AMAZONAS,under5
2012-02-06,backtest,RandomForest,7.0,10.590713264648546,AMAZONAS,under5
2012-02-13,backtest,RandomForest,2.0,11.131228604636501,AMAZONAS,under5
2012-02-20,backtest,RandomForest,3.0,12.935226301196144,AMAZONAS,under5
2012-02-27,backtest,RandomForest,5.0,11.682303563800286,AMAZONAS,under5
2012-03-05,backtest,RandomForest,7.0,12.160291853547012,AMAZONAS,under5
2012-03-12,backtest,RandomForest,5.0,9.996478580253303,AMAZONAS,under5
2012-03-19,backtest,RandomForest,16.0,9.860610887707418,AMAZONAS,under5
2012-03-26,backtest,RandomForest,12.0,10.204199046117635,AMAZONAS,under5
2012-04-02,backtest,RandomForest,13.0,10.225200217083254,AMAZONAS,under5
2012-04-09,backtest,RandomForest,10.0,11.470180013116872,AMAZONAS,under5
2012-04-16,backtest,RandomForest,11.0,13.32159819907795,AMAZONAS,under5
2012-04-23,backtest,RandomForest,15.0,13.274267875536921,AMAZONAS,under5
2012-04-30,backtest,RandomForest,1.0,13.291815795487203,AMAZONAS,under5
2012-05-07,backtest,RandomForest,16.0,10.997945111146999,AMAZONAS,under5
2012-05-14,backtest,RandomForest,21.0,11.87600104293664,AMAZONAS,under5
2012-05-21,backtest,RandomForest,27.0,11.900972859353855,AMAZONAS,under5
2012-05-28,backtest,RandomForest,16.0,11.88461365590426,AMAZONAS,under5
2012-06-04,backtest,RandomForest,10.0,19.63838210013098,AMAZONAS,under5
2012-06-11,backtest,RandomForest,28.0,19.43296659037412,AMAZONAS,under5
2012-06-18,backtest,RandomForest,22.0,19.592037717797133,AMAZONAS,under5
2012-06-25,backtest,RandomForest,7.0,19.085991195423816,AMAZONAS,under5
2012-07-02,backtest,RandomForest,18.0,14.93726925322324,AMAZONAS,under5
2012-07-09,backtest,RandomForest,23.0,17.20896432599622,AMAZONAS,under5
2012-07-16,backtest,RandomForest,22.0,17.46768799936685,AMAZONAS,under5
2012-07-23,backtest,RandomForest,10.0,14.822804140036427,AMAZONAS,under5
2012-07-30,backtest,RandomForest,17.0,17.471151588266558,AMAZONAS,under5
2012-08-06,backtest,RandomForest,7.0,18.300962784375635,AMAZONAS,under5
2012-08-13,backtest,RandomForest,17.0,17.172712713426172,AMAZONAS,under5
2012-08-20,backtest,RandomForest,6.0,14.434583905740347,AMAZONAS,under5
2012-08-27,backtest,RandomForest,8.0,13.029966820161723,AMAZONAS,under5
2012-09-03,backtest,RandomForest,13.0,11.189249141293457,AMAZONAS,under5
2012-09-10,backtest,RandomForest,9.0,13.040692090253993,AMAZONAS,under5
2012-09-17,backtest,RandomForest,6.0,10.732258809473988,AMAZONAS,under5
2012-09-24,backtest,RandomForest,7.0,10.122455745456138,AMAZONAS,under5
2012-10-01,backtest,RandomForest,3.0,9.416675459165571,AMAZONAS,under5
2012-10-08,backtest,RandomForest,15.0,10.465759693926826,AMAZONAS,under5
2012-10-15,backtest,RandomForest,18.0,9.5712730941066,AMAZONAS,under5
2012-10-22,backtest,RandomForest,11.0,13.513485182432584,AMAZONAS,under5
2012-10-29,backtest,RandomForest,12.0,12.194561093363316,AMAZONAS,under5
2012-11-05,backtest,RandomForest,5.0,11.80844128935034,AMAZONAS,under5
2012-11-12,backtest,RandomForest,9.0,11.500945287692764,AMAZONAS,under5
2012-11-19,backtest,RandomForest,4.0,9.31234238508713,AMAZONAS,under5
2012-11-26,backtest,RandomForest,5.0,10.00829186616161,AMAZONAS,under5
2012-12-03,backtest,RandomForest,5.0,10.817239959929354,AMAZONAS,under5
2012-12-10,backtest,RandomForest,10.0,11.083501702189883,AMAZONAS,under5
2012-12-17,backtest,RandomForest,7.0,9.44756851231181,AMAZONAS,under5
2012-12-24,backtest,RandomForest,3.0,9.204402494377872,AMAZONAS,under5
2012-12-31,backtest,RandomForest,5.0,12.040700135961968,AMAZONAS,under5
2013-01-07,backtest,RandomForest,15.0,11.797225348905798,AMAZONAS,under5
2013-01-14,backtest,RandomForest,4.0,12.525574227737884,AMAZONAS,under5
2013-01-21,backtest,RandomForest,3.0,12.260899209547993,AMAZONAS,under5
2013-01-28,backtest,RandomForest,9.0,11.25815746363149,AMAZONAS,under5
2013-02-04,backtest,RandomForest,2.0,10.082119007392544,AMAZONAS,under5
2013-02-11,backtest,RandomForest,8.0,6.205851041426826,AMAZONAS,under5
2013-02-18,backtest,RandomForest,6.0,6.16970528473448,AMAZONAS,under5
2013-02-25,backtest,RandomForest,6.0,5.866897805449058,AMAZONAS,under5
2013-03-04,backtest,RandomForest,12.0,9.737480150560087,AMAZONAS,under5
2013-03-11,backtest,RandomForest,18.0,8.626070396214667,AMAZONAS,under5
2013-03-18,backtest,RandomForest,9.0,8.717571295653066,AMAZONAS,under5
2013-03-25,backtest,RandomForest,14.0,9.29490081743762,AMAZONAS,under5
2013-04-01,backtest,RandomForest,10.0,9.159182516319719,AMAZONAS,under5
2013-04-08,backtest,RandomForest,16.0,12.274277604410456,AMAZONAS,under5
2013-04-15,backtest,RandomForest,15.0,11.909290754378723,AMAZONAS,under5
2013-04-22,backtest,RandomForest,25.0,12.508763913605405,AMAZONAS,under5
2013-04-29,backtest,RandomForest,23.0,11.920699985365884,AMAZONAS,under5
2013-05-06,backtest,RandomForest,30.0,20.24463288359578,AMAZONAS,under5
2013-05-13,backtest,RandomForest,12.0,18.820885739615484,AMAZONAS,under5
2013-05-20,backtest,RandomForest,26.0,19.479972972643374,AMAZONAS,under5
2013-05-27,backtest,RandomForest,33.0,19.490631398402485,AMAZONAS,under5
2013-06-03,backtest,RandomForest,21.0,22.475793092704613,AMAZONAS,under5
2013-06-10,backtest,RandomForest,26.0,19.505120016938626,AMAZONAS,under5
2013-06-17,backtest,RandomForest,30.0,21.133790460946173,AMAZONAS,under5
2013-06-24,backtest,RandomForest,21.0,21.638539291996622,AMAZONAS,under5
2013-07-01,backtest,RandomForest,18.0,21.896265924412095,AMAZONAS,under5
2013-07-08,backtest,RandomForest,19.0,21.938802020231947,AMAZONAS,under5
2013-07-15,backtest,RandomForest,14.0,22.88157563186686,AMAZONAS,under5
2013-07-22,backtest,RandomForest,14.0,20.70388621649173,AMAZONAS,under5
2013-07-29,backtest,RandomForest,13.0,17.507365199069906,AMAZONAS,under5
2013-08-05,backtest,RandomForest,15.0,17.4639810418749,AMAZONAS,under5
2013-08-12,backtest,RandomForest,9.0,15.85865728183868,AMAZONAS,under5
2013-08-19,backtest,RandomForest,12.0,15.463691938007676,AMAZONAS,under5
2013-08-26,backtest,RandomForest,6.0,11.612959067666633,AMAZONAS,under5
2013-09-02,backtest,RandomForest,7.0,12.499858907151753,AMAZONAS,under5
2013-09-09,backtest,RandomForest,7.0,11.59105054797234,AMAZONAS,under5
2013-09-16,backtest,RandomForest,6.0,12.185333413574785,AMAZONAS,under5
2013-09-23,backtest,RandomForest,8.0,10.450221249287663,AMAZONAS,under5
2013-09-30,backtest,RandomForest,9.0,10.799647918905503,AMAZONAS,under5
2013-10-07,backtest,RandomForest,6.0,10.781918660646618,AMAZONAS,under5
2013-10-14,backtest,RandomForest,10.0,10.681714865818632,AMAZONAS,under5
2013-10-21,backtest,RandomForest,5.0,10.47351049082678,AMAZONAS,under5
2013-10-28,backtest,RandomForest,11.0,10.674561521953768,AMAZONAS,under5
2013-11-04,backtest,RandomForest,10.0,10.58537952031696,AMAZONAS,under5
2013-11-11,backtest,RandomForest,7.0,10.711091959383227,AMAZONAS,under5
2013-11-18,backtest,RandomForest,8.0,8.539521660408148,AMAZONAS,under5
2013-11-25,backtest,RandomForest,5.0,7.911206816897813,AMAZONAS,under5
2013-12-02,backtest,RandomForest,12.0,8.404078176534652,AMAZONAS,under5
2013-12-09,backtest,RandomForest,18.0,8.587009117969066,AMAZONAS,under5
2013-12-16,backtest,RandomForest,8.0,11.460201449979083,AMAZONAS,under5
2013-12-23,backtest,RandomForest,6.0,11.40126558103571,AMAZONAS,under5
2013-12-30,backtest,RandomForest,5.0,12.20576106150098,AMAZONAS,under5
2014-01-06,backtest,RandomForest,5.0,12.1890676401327,AMAZONAS,under5
2014-01-13,backtest,RandomForest,6.0,11.281502678329481,AMAZONAS,under5
2014-01-20,backtest,RandomForest,9.0,11.190726330499258,AMAZONAS,under5
2014-01-27,backtest,RandomForest,2.0,11.732133235530632,AMAZONAS,under5
2014-02-03,backtest,RandomForest,7.0,12.354441019315608,AMAZONAS,under5
2014-02-10,backtest,RandomForest,7.0,7.448447981678255,AMAZONAS,under5
2014-02-17,backtest,RandomForest,10.0,7.758267342872617,AMAZONAS,under5
2014-02-24,backtest,RandomForest,9.0,8.03674310239708,AMAZONAS,under5
2014-03-03,backtest,RandomForest,3.0,10.533042572926044,AMAZONAS,under5
2014-03-10,backtest,RandomForest,6.0,10.105251462209765,AMAZONAS,under5
2014-03-17,backtest,RandomForest,12.0,11.66543543583248,AMAZONAS,under5
2014-03-24,backtest,RandomForest,9.0,11.827594468937678,AMAZONAS,under5
2014-03-31,backtest,RandomForest,4.0,11.388790821196528,AMAZONAS,under5
2014-04-07,backtest,RandomForest,6.0,9.736948949042084,AMAZONAS,under5
2014-04-14,backtest,RandomForest,8.0,9.725297664152475,AMAZONAS,under5
2014-04-21,backtest,RandomForest,10.0,10.215277368759065,AMAZONAS,under5
2014-04-28,backtest,RandomForest,4.0,10.100461749846923,AMAZONAS,under5
2014-05-05,backtest,RandomForest,16.0,9.186478492991801,AMAZONAS,under5
2014-05-12,backtest,RandomForest,16.0,10.403968367094626,AMAZONAS,under5
2014-05-19,backtest,RandomForest,14.0,9.655207668801632,AMAZONAS,under5
2014-05-26,backtest,RandomForest,11.0,8.92925138554582,AMAZONAS,under5
2014-06-02,backtest,RandomForest,15.0,15.379216064950713,AMAZONAS,under5
2014-06-09,backtest,RandomForest,25.0,15.936544247643424,AMAZONAS,under5
2014-06-16,backtest,RandomForest,12.0,15.408672922336343,AMAZONAS,under5
2014-06-23,backtest,RandomForest,16.0,13.428752762735645,AMAZONAS,under5
2014-06-30,backtest,RandomForest,16.0,17.375918572849876,AMAZONAS,under5
2014-07-07,backtest,RandomForest,10.0,19.669789824668513,AMAZONAS,under5
2014-07-14,backtest,RandomForest,24.0,17.008291319608826,AMAZONAS,under5
2014-07-21,backtest,RandomForest,15.0,16.570319623281378,AMAZONAS,under5
2014-07-28,backtest,RandomForest,11.0,15.963987182997428,AMAZONAS,under5
2014-08-04,backtest,RandomForest,6.0,14.637898424782131,AMAZONAS,under5
2014-08-11,backtest,RandomForest,6.0,15.35293770880697,AMAZONAS,under5
2014-08-18,backtest,RandomForest,8.0,14.105512887753353,AMAZONAS,under5
2014-08-25,backtest,RandomForest,19.0,9.4166063670271,AMAZONAS,under5
2014-09-01,backtest,RandomForest,14.0,8.626169796149247,AMAZONAS,under5
2014-09-08,backtest,RandomForest,5.0,9.051471464851666,AMAZONAS,under5
2014-09-15,backtest,RandomForest,14.0,9.21356575411518,AMAZONAS,under5
2014-09-22,backtest,RandomForest,11.0,11.205010593742127,AMAZONAS,under5
2014-09-29,backtest,RandomForest,11.0,9.946401545653805,AMAZONAS,under5
2014-10-06,backtest,RandomForest,6.0,9.83920876363635,AMAZONAS,under5
2014-10-13,backtest,RandomForest,14.0,9.590810953873454,AMAZONAS,under5
2014-10-20,backtest,RandomForest,12.0,10.565640064726765,AMAZONAS,under5
2014-10-27,backtest,RandomForest,10.0,10.127475111088733,AMAZONAS,under5
2014-11-03,backtest,RandomForest,10.0,8.726829315896548,AMAZONAS,under5
2014-11-10,backtest,RandomForest,9.0,9.008829956409143,AMAZONAS,under5
2014-11-17,backtest,RandomForest,10.0,9.14527399784218,AMAZONAS,under5
2014-11-24,backtest,RandomForest,10.0,9.627963191324486,AMAZONAS,under5
2014-12-01,backtest,RandomForest,3.0,9.555676436578395,AMAZONAS,under5
2014-12-08,backtest,RandomForest,11.0,10.765423015646842,AMAZONAS,under5
2014-12-15,backtest,RandomForest,5.0,9.94891182321297,AMAZONAS,under5
2014-12-22,backtest,RandomForest,6.0,9.502772321426072,AMAZONAS,under5
2014-12-29,backtest,RandomForest,12.0,10.577942470642377,AMAZONAS,under5
2015-01-05,backtest,RandomForest,11.0,11.912015570627828,AMAZONAS,under5
2015-01-12,backtest,RandomForest,12.0,9.509581923730051,AMAZONAS,under5
2015-01-19,backtest,RandomForest,1.0,10.091442216638505,AMAZONAS,under5
2015-01-26,backtest,RandomForest,7.0,9.539892559096733,AMAZONAS,under5
2015-02-02,backtest,RandomForest,5.0,9.720342398290567,AMAZONAS,under5
2015-02-09,backtest,RandomForest,0.0,6.7040580211433305,AMAZONAS,under5
2015-02-16,backtest,RandomForest,4.0,6.84119052939354,AMAZONAS,under5
2015-02-23,backtest,RandomForest,8.0,7.354556910037905,AMAZONAS,under5
2015-03-02,backtest,RandomForest,6.0,7.607714868416913,AMAZONAS,under5
2015-03-09,backtest,RandomForest,6.0,7.868327355311851,AMAZONAS,under5
2015-03-16,backtest,RandomForest,9.0,7.8342494043621045,AMAZONAS,under5
2015-03-23,backtest,RandomForest,5.0,8.004511500135644,AMAZONAS,under5
2015-03-30,backtest,RandomForest,20.0,7.995365163596831,AMAZONAS,under5
2015-04-06,backtest,RandomForest,8.0,12.396553344289208,AMAZONAS,under5
2015-04-13,backtest,RandomForest,10.0,12.526765220918962,AMAZONAS,under5
2015-04-20,backtest,RandomForest,6.0,13.430693498542528,AMAZONAS,under5
2015-04-27,backtest,RandomForest,19.0,16.351633744019594,AMAZONAS,under5
2015-05-04,backtest,RandomForest,11.0,13.202522378647844,AMAZONAS,under5
2015-05-11,backtest,RandomForest,9.0,14.519314794800232,AMAZONAS,under5
2015-05-18,backtest,RandomForest,18.0,15.533103487743238,AMAZONAS,under5
2015-05-25,backtest,RandomForest,10.0,17.558070096313454,AMAZONAS,under5
2015-06-01,backtest,RandomForest,19.0,13.372190578631026,AMAZONAS,under5
2015-06-08,backtest,RandomForest,20.0,13.398026957289735,AMAZONAS,under5
2015-06-15,backtest,RandomForest,19.0,15.461755853408686,AMAZONAS,under5
2015-06-22,backtest,RandomForest,12.0,14.397640842761032,AMAZONAS,under5
2015-06-29,backtest,RandomForest,14.0,16.979316832332078,AMAZONAS,under5
2015-07-06,backtest,RandomForest,20.0,16.991725131767875,AMAZONAS,under5
2015-07-13,backtest,RandomForest,15.0,17.32992365608681,AMAZONAS,under5
2015-07-20,backtest,RandomForest,9.0,15.694716772577486,AMAZONAS,under5
2015-07-27,backtest,RandomForest,14.0,13.361009476766437,AMAZONAS,under5
2015-08-03,backtest,RandomForest,10.0,12.781809468902411,AMAZONAS,under5
2015-08-10,backtest,RandomForest,21.0,12.462608258021076,AMAZONAS,under5
2015-08-17,backtest,RandomForest,7.0,11.499301725524123,AMAZONAS,under5
2015-08-24,backtest,RandomForest,11.0,12.188997280463964,AMAZONAS,under5
2015-08-31,backtest,RandomForest,15.0,11.28877835404568,AMAZONAS,under5
2015-09-07,backtest,RandomForest,9.0,11.44584420646301,AMAZONAS,under5
2015-09-14,backtest,RandomForest,12.0,9.860648254456294,AMAZONAS,under5
2015-09-21,backtest,RandomForest,12.0,10.88063991610989,AMAZONAS,under5
2015-09-28,backtest,RandomForest,7.0,11.347444591571898,AMAZONAS,under5
2015-10-05,backtest,RandomForest,9.0,11.363363179531037,AMAZONAS,under5
2015-10-12,backtest,RandomForest,8.0,10.996422753897498,AMAZONAS,under5
2015-10-19,backtest,RandomForest,6.0,8.752071988859493,AMAZONAS,under5
2015-10-26,backtest,RandomForest,2.0,9.29706974495806,AMAZONAS,under5
2015-11-02,backtest,RandomForest,4.0,8.818764065972932,AMAZONAS,under5
2015-11-09,backtest,RandomForest,13.0,9.353271420739544,AMAZONAS,under5
2015-11-16,backtest,RandomForest,10.0,9.56096353895182,AMAZONAS,under5
2015-11-23,backtest,RandomForest,10.0,8.666453144172127,AMAZONAS,under5
2015-11-30,backtest,RandomForest,6.0,8.555337712441366,AMAZONAS,under5
2015-12-07,backtest,RandomForest,3.0,7.979694421527547,AMAZONAS,under5
2015-12-14,backtest,RandomForest,4.0,7.279011136068241,AMAZONAS,under5
2015-12-21,backtest,RandomForest,3.0,7.648386244648464,AMAZONAS,under5
2015-12-28,backtest,RandomForest,3.5,7.571442948993101,AMAZONAS,under5
2016-01-04,backtest,RandomForest,4.0,8.818398598587063,AMAZONAS,under5
2016-01-11,backtest,RandomForest,9.0,6.777635673020898,AMAZONAS,under5
2016-01-18,backtest,RandomForest,3.0,7.265281418245226,AMAZONAS,under5
2016-01-25,backtest,RandomForest,8.0,6.256282147784777,AMAZONAS,under5
2016-02-01,backtest,RandomForest,7.0,6.878748007181969,AMAZONAS,under5
2016-02-08,backtest,RandomForest,1.0,6.2553000349555425,AMAZONAS,under5
2016-02-15,backtest,RandomForest,6.0,7.435075791240096,AMAZONAS,under5
2016-02-22,backtest,RandomForest,2.0,7.8994233167765735,AMAZONAS,under5
2016-02-29,backtest,RandomForest,3.0,8.01680848070825,AMAZONAS,under5
2016-03-07,backtest,RandomForest,5.0,6.71651573981909,AMAZONAS,under5
2016-03-14,backtest,RandomForest,3.0,7.450625140360067,AMAZONAS,under5
2016-03-21,backtest,RandomForest,6.0,8.335311275468955,AMAZONAS,under5
2016-03-28,backtest,RandomForest,9.0,8.207853147390136,AMAZONAS,under5
2016-04-04,backtest,RandomForest,12.0,7.909317915389357,AMAZONAS,under5
2016-04-11,backtest,RandomForest,11.0,8.767238889016603,AMAZONAS,under5
2016-04-18,backtest,RandomForest,21.0,8.304998716563112,AMAZONAS,under5
2016-04-25,backtest,RandomForest,10.0,8.882553800368195,AMAZONAS,under5
2016-05-02,backtest,RandomForest,6.0,14.808347473544165,AMAZONAS,under5
2016-05-09,backtest,RandomForest,16.0,14.184407376106913,AMAZONAS,under5
2016-05-16,backtest,RandomForest,11.0,16.454596001147003,AMAZONAS,under5
2016-05-23,backtest,RandomForest,19.0,15.399560349366427,AMAZONAS,under5
2016-05-30,backtest,RandomForest,10.0,15.55373530446512,AMAZONAS,under5
2016-06-06,backtest,RandomForest,10.0,15.770950518049792,AMAZONAS,under5
2016-06-13,backtest,RandomForest,15.0,17.7207548205481,AMAZONAS,under5
2016-06-20,backtest,RandomForest,25.0,17.403918263610517,AMAZONAS,under5
2016-06-27,backtest,RandomForest,12.0,16.810751516297195,AMAZONAS,under5
2016-07-04,backtest,RandomForest,10.0,15.777369952626614,AMAZONAS,under5
2016-07-11,backtest,RandomForest,10.0,15.522054768593346,AMAZONAS,under5
2016-07-18,backtest,RandomForest,6.0,16.758909779656726,AMAZONAS,under5
2016-07-25,backtest,RandomForest,6.0,13.070768328960442,AMAZONAS,under5
2016-08-01,backtest,RandomForest,14.0,13.70921692416798,AMAZONAS,under5
2016-08-08,backtest,RandomForest,9.0,12.647814101883498,AMAZONAS,under5
2016-08-15,backtest,RandomForest,6.0,13.320995111648136,AMAZONAS,under5
2016-08-22,backtest,RandomForest,8.0,9.769947148277675,AMAZONAS,under5
2016-08-29,backtest,RandomForest,8.0,10.974802417520827,AMAZONAS,under5
2016-09-05,backtest,RandomForest,8.0,10.608850098496397,AMAZONAS,under5
2016-09-12,backtest,RandomForest,10.0,9.53534433432995,AMAZONAS,under5
2016-09-19,backtest,RandomForest,11.0,9.882711842027994,AMAZONAS,under5
2016-09-26,backtest,RandomForest,13.0,9.314341771302812,AMAZONAS,under5
2016-10-03,backtest,RandomForest,5.0,8.230210384912453,AMAZONAS,under5
2016-10-10,backtest,RandomForest,11.0,7.998216181927265,AMAZONAS,under5
2016-10-17,backtest,RandomForest,5.0,8.627934194759753,AMAZONAS,under5
2016-10-24,backtest,RandomForest,5.0,7.505391614760424,AMAZONAS,under5
2016-10-31,backtest,RandomForest,8.0,7.854183129402853,AMAZONAS,under5
2016-11-07,backtest,RandomForest,6.0,7.155213122050535,AMAZONAS,under5
2016-11-14,backtest,RandomForest,11.0,6.816995738715799,AMAZONAS,under5
2016-11-21,backtest,RandomForest,4.0,7.275165351500578,AMAZONAS,under5
2016-11-28,backtest,RandomForest,9.0,6.430879512546764,AMAZONAS,under5
2016-12-05,backtest,RandomForest,8.0,6.92878208769153,AMAZONAS,under5
2016-12-12,backtest,RandomForest,8.0,6.510936600088516,AMAZONAS,under5
2016-12-19,backtest,RandomForest,5.0,6.449569386255364,AMAZONAS,under5
2016-12-26,backtest,RandomForest,5.0,6.393833523980644,AMAZONAS,under5
2017-01-02,backtest,RandomForest,3.0,7.467701526245722,AMAZONAS,under5
2017-01-09,backtest,RandomForest,1.0,5.852550905479624,AMAZONAS,under5
2017-01-16,backtest,RandomForest,4.0,5.721390162932267,AMAZONAS,under5
2017-01-23,backtest,RandomForest,3.0,5.724227308119846,AMAZONAS,under5
2017-01-30,backtest,RandomForest,4.0,5.718251068036688,AMAZONAS,under5
2017-02-06,backtest,RandomForest,13.0,4.208132113237332,AMAZONAS,under5
2017-02-13,backtest,RandomForest,11.0,3.9757369536583487,AMAZONAS,under5
2017-02-20,backtest,RandomForest,8.0,4.315518106629904,AMAZONAS,under5
2017-02-27,backtest,RandomForest,5.0,4.649295651798306,AMAZONAS,under5
2017-03-06,backtest,RandomForest,11.0,6.703767161181746,AMAZONAS,under5
2017-03-13,backtest,RandomForest,8.0,7.143867731274139,AMAZONAS,under5
2017-03-20,backtest,RandomForest,6.0,8.292606691411859,AMAZONAS,under5
2017-03-27,backtest,RandomForest,10.0,8.839551212636927,AMAZONAS,under5
2017-04-03,backtest,RandomForest,31.0,10.663335201638112,AMAZONAS,under5
2017-04-10,backtest,RandomForest,10.0,11.207106073407472,AMAZONAS,under5
2017-04-17,backtest,RandomForest,14.0,11.746958145107866,AMAZONAS,under5
2017-04-24,backtest,RandomForest,14.0,12.554500751277553,AMAZONAS,under5
2017-05-01,backtest,RandomForest,21.0,14.860594725229516,AMAZONAS,under5
2017-05-08,backtest,RandomForest,7.0,14.739738244918403,AMAZONAS,under5
2017-05-15,backtest,RandomForest,21.0,14.789688610373917,AMAZONAS,under5
2017-05-22,backtest,RandomForest,9.0,15.019692113867919,AMAZONAS,under5
2017-05-29,backtest,RandomForest,11.0,17.239327772260907,AMAZONAS,under5
2017-06-05,backtest,RandomForest,13.0,14.010303387921462,AMAZONAS,under5
2017-06-12,backtest,RandomForest,8.0,16.301033632946556,AMAZONAS,under5
2017-06-19,backtest,RandomForest,14.0,15.176739934716593,AMAZONAS,under5
2017-06-26,backtest,RandomForest,9.0,13.823799900529298,AMAZONAS,under5
2017-07-03,backtest,RandomForest,11.0,13.13115291521416,AMAZONAS,under5
2017-07-10,backtest,RandomForest,11.0,13.699617588819144,AMAZONAS,under5
2017-07-17,backtest,RandomForest,5.0,14.496058191696601,AMAZONAS,under5
2017-07-24,backtest,RandomForest,6.0,9.861645497824545,AMAZONAS,under5
2017-07-31,backtest,RandomForest,8.0,10.210565549076982,AMAZONAS,under5
2017-08-07,backtest,RandomForest,7.0,10.352822592742587,AMAZONAS,under5
2017-08-14,backtest,RandomForest,6.0,10.210854162698968,AMAZONAS,under5
2017-08-21,backtest,RandomForest,2.0,9.05431483279273,AMAZONAS,under5
2017-08-28,backtest,RandomForest,2.0,8.933337468782474,AMAZONAS,under5
2017-09-04,backtest,RandomForest,7.0,9.176924996455867,AMAZONAS,under5
2017-09-11,backtest,RandomForest,9.0,9.417836390422485,AMAZONAS,under5
2017-09-18,backtest,RandomForest,5.0,7.9283319417676,AMAZONAS,under5
2017-09-25,backtest,RandomForest,6.0,7.432862234414301,AMAZONAS,under5
2017-10-02,backtest,RandomForest,2.0,7.579623565381829,AMAZONAS,under5
2017-10-09,backtest,RandomForest,8.0,8.146253071860768,AMAZONAS,under5
2017-10-16,backtest,RandomForest,6.0,6.7467449752723585,AMAZONAS,under5
2017-10-23,backtest,RandomForest,3.0,6.500642735998845,AMAZONAS,under5
2017-10-30,backtest,RandomForest,2.0,6.495410517097557,AMAZONAS,under5
2017-11-06,backtest,RandomForest,6.0,6.364221382058802,AMAZONAS,under5
2017-11-13,backtest,RandomForest,2.0,6.164513552491042,AMAZONAS,under5
2017-11-20,backtest,RandomForest,8.0,7.144698360573626,AMAZONAS,under5
2017-11-27,backtest,RandomForest,9.0,6.777306706062697,AMAZONAS,under5
2017-12-04,backtest,RandomForest,7.0,6.8202457764736995,AMAZONAS,under5
2017-12-11,backtest,RandomForest,3.0,7.496968307180339,AMAZONAS,under5
2017-12-18,backtest,RandomForest,8.0,7.311351575550594,AMAZONAS,under5
2017-12-25,backtest,RandomForest,9.0,7.195578454236741,AMAZONAS,under5
2018-01-01,backtest,RandomForest,3.0,6.685645576969854,AMAZONAS,under5
2018-01-08,backtest,RandomForest,8.0,6.127115161469496,AMAZONAS,under5
2018-01-15,backtest,RandomForest,7.0,5.0778212388339625,AMAZONAS,under5
2018-01-22,backtest,RandomForest,2.0,5.717919255318419,AMAZONAS,under5
2018-01-29,backtest,RandomForest,7.0,6.091357663107149,AMAZONAS,under5
2018-02-05,backtest,RandomForest,2.0,5.949346487888313,AMAZONAS,under5
2018-02-12,backtest,RandomForest,4.0,5.861984754956565,AMAZONAS,under5
2018-02-19,backtest,RandomForest,4.0,6.393773387979268,AMAZONAS,under5
2018-02-26,backtest,RandomForest,2.0,5.890765379359409,AMAZONAS,under5
2018-03-05,backtest,RandomForest,5.0,6.2608589028929025,AMAZONAS,under5
2018-03-12,backtest,RandomForest,8.0,6.265068272000609,AMAZONAS,under5
2018-03-19,backtest,RandomForest,1.0,8.184008526659149,AMAZONAS,under5
2018-03-26,backtest,RandomForest,6.0,8.89697499736446,AMAZONAS,under5
2018-04-02,backtest,RandomForest,9.0,8.220400439501136,AMAZONAS,under5
2018-04-09,backtest,RandomForest,8.0,8.597638641901773,AMAZONAS,under5
2018-04-16,backtest,RandomForest,6.0,9.133600451869546,AMAZONAS,under5
2018-04-23,backtest,RandomForest,4.0,10.342634262042132,AMAZONAS,under5
2018-04-30,backtest,RandomForest,4.0,7.194810479573092,AMAZONAS,under5
2018-05-07,backtest,RandomForest,3.0,6.92640585641847,AMAZONAS,under5
2018-05-14,backtest,RandomForest,11.0,7.063970838455861,AMAZONAS,under5
2018-05-21,backtest,RandomForest,11.0,7.015157811446024,AMAZONAS,under5
2018-05-28,backtest,RandomForest,24.0,9.568931119734946,AMAZONAS,under5
2018-06-04,backtest,RandomForest,24.0,9.798437532803153,AMAZONAS,under5
2018-06-11,backtest,RandomForest,38.0,11.162555234666833,AMAZONAS,under5
2018-06-18,backtest,RandomForest,33.0,12.164572786192107,AMAZONAS,under5
2018-06-25,backtest,RandomForest,32.0,24.32244355921856,AMAZONAS,under5
2018-07-02,backtest,RandomForest,48.0,21.69139210913053,AMAZONAS,under5
2018-07-09,backtest,RandomForest,22.0,21.71634007749009,AMAZONAS,under5
2018-07-16,backtest,RandomForest,15.0,22.893689283839294,AMAZONAS,under5
2018-07-23,backtest,RandomForest,11.0,19.542969399335004,AMAZONAS,under5
2018-07-30,backtest,RandomForest,16.0,20.840296028860156,AMAZONAS,under5
2018-08-06,backtest,RandomForest,14.0,20.022621310103958,AMAZONAS,under5
2018-08-13,backtest,RandomForest,5.0,18.831820734318093,AMAZONAS,under5
2018-08-20,backtest,RandomForest,6.0,10.227501810119941,AMAZONAS,under5
2018-08-27,backtest,RandomForest,9.0,10.95154805448741,AMAZONAS,under5
2018-09-03,backtest,RandomForest,12.0,11.518411073546359,AMAZONAS,under5
2018-09-10,backtest,RandomForest,16.0,11.396311350025986,AMAZONAS,under5
2018-09-17,backtest,RandomForest,7.0,11.89179193937096,AMAZONAS,under5
2018-09-24,backtest,RandomForest,10.0,11.46281093481523,AMAZONAS,under5
2018-10-01,backtest,RandomForest,6.0,11.660163569550372,AMAZONAS,under5
2018-10-08,backtest,RandomForest,12.0,10.414927459505236,AMAZONAS,under5
2018-10-15,backtest,RandomForest,9.0,9.118493400238059,AMAZONAS,under5
2018-10-22,backtest,RandomForest,12.0,7.813362298721359,AMAZONAS,under5
2018-10-29,backtest,RandomForest,6.0,7.890121990037813,AMAZONAS,under5
2018-11-05,backtest,RandomForest,5.0,8.272304408872925,AMAZONAS,under5
2018-11-12,backtest,RandomForest,14.0,7.756068990238183,AMAZONAS,under5
2018-11-19,backtest,RandomForest,9.0,7.6353220729691476,AMAZONAS,under5
2018-11-26,backtest,RandomForest,3.0,7.352674690832913,AMAZONAS,under5
2018-12-03,backtest,RandomForest,8.0,7.58487218894103,AMAZONAS,under5
2018-12-10,backtest,RandomForest,4.0,8.8456229664487,AMAZONAS,under5
2018-12-17,backtest,RandomForest,7.0,7.971730291226743,AMAZONAS,under5
2018-12-24,backtest,RandomForest,11.0,7.721797717264405,AMAZONAS,under5
2018-12-31,backtest,RandomForest,13.0,8.510915061101295,AMAZONAS,under5
2019-01-07,backtest,RandomForest,7.0,10.501013262483985,AMAZONAS,under5
2019-01-14,backtest,RandomForest,11.0,9.24174450170459,AMAZONAS,under5
2019-01-21,backtest,RandomForest,12.0,6.9230803346411856,AMAZONAS,under5
2019-01-28,backtest,RandomForest,10.0,6.921382509618171,AMAZONAS,under5
2019-02-04,backtest,RandomForest,7.0,9.488141573311994,AMAZONAS,under5
2019-02-11,backtest,RandomForest,7.0,8.227408030133049,AMAZONAS,under5
2019-02-18,backtest,RandomForest,12.0,8.190134334949223,AMAZONAS,under5
2019-02-25,backtest,RandomForest,4.0,9.597928632369907,AMAZONAS,under5
2019-03-04,backtest,RandomForest,5.0,7.933873666502523,AMAZONAS,under5
2019-03-11,backtest,RandomForest,7.0,8.324419261544048,AMAZONAS,under5
2019-03-18,backtest,RandomForest,8.0,8.889030060783014,AMAZONAS,under5
2019-03-25,backtest,RandomForest,7.0,8.427289114905271,AMAZONAS,under5
2019-04-01,backtest,RandomForest,6.0,8.565611773284832,AMAZONAS,under5
2019-04-08,backtest,RandomForest,12.0,8.162576192215267,AMAZONAS,under5
2019-04-15,backtest,RandomForest,12.0,8.403506003976656,AMAZONAS,under5
2019-04-22,backtest,RandomForest,10.0,8.322139823164457,AMAZONAS,under5
2019-04-29,backtest,RandomForest,8.0,9.580376465189065,AMAZONAS,under5
2019-05-06,backtest,RandomForest,9.0,10.58476880022467,AMAZONAS,under5
2019-05-13,backtest,RandomForest,15.0,10.810970147347668,AMAZONAS,under5
2019-05-20,backtest,RandomForest,24.0,10.215128816641085,AMAZONAS,under5
2019-05-27,backtest,RandomForest,13.0,18.057641811657476,AMAZONAS,under5
2019-06-03,backtest,RandomForest,16.0,18.436468460957446,AMAZONAS,under5
2019-06-10,backtest,RandomForest,10.0,20.1457652700803,AMAZONAS,under5
2019-06-17,backtest,RandomForest,32.0,20.289624310166747,AMAZONAS,under5
2019-06-24,backtest,RandomForest,19.0,19.88302704464372,AMAZONAS,under5
2019-07-01,backtest,RandomForest,15.0,17.034654217077744,AMAZONAS,under5
2019-07-08,backtest,RandomForest,16.0,16.28496323146654,AMAZONAS,under5
2019-07-15,backtest,RandomForest,14.0,16.573575676174425,AMAZONAS,under5
2019-07-22,backtest,RandomForest,9.0,13.687069211711227,AMAZONAS,under5
2019-07-29,backtest,RandomForest,6.0,12.91416413514274,AMAZONAS,under5
2019-08-05,backtest,RandomForest,12.0,12.74356731183273,AMAZONAS,under5
2019-08-12,backtest,RandomForest,6.0,10.091629871789175,AMAZONAS,under5
2019-08-19,backtest,RandomForest,4.0,9.326392725129262,AMAZONAS,under5
2019-08-26,backtest,RandomForest,10.0,9.469440467917297,AMAZONAS,under5
2019-09-02,backtest,RandomForest,9.0,9.840305473114626,AMAZONAS,under5
2019-09-09,backtest,RandomForest,11.0,9.578155347759717,AMAZONAS,under5
2019-09-16,backtest,RandomForest,8.0,9.664014322066008,AMAZONAS,under5
2019-09-23,backtest,RandomForest,3.0,9.172275133347979,AMAZONAS,under5
2019-09-30,backtest,RandomForest,10.0,8.914086419450902,AMAZONAS,under5
2019-10-07,backtest,RandomForest,2.0,8.637815399074443,AMAZONAS,under5
2019-10-14,backtest,RandomForest,4.0,7.19767509238116,AMAZONAS,under5
2019-10-21,backtest,RandomForest,9.0,7.031688021342733,AMAZONAS,under5
2019-10-28,backtest,RandomForest,5.0,6.983892206757219,AMAZONAS,under5
2019-11-04,backtest,RandomForest,5.0,7.034617768343043,AMAZONAS,under5
2019-11-11,backtest,RandomForest,10.0,6.858599304789884,AMAZONAS,under5
2019-11-18,backtest,RandomForest,8.0,6.633590731101192,AMAZONAS,under5
2019-11-25,backtest,RandomForest,15.0,6.691416880410034,AMAZONAS,under5
2019-12-02,backtest,RandomForest,6.0,6.4612583713936695,AMAZONAS,under5
2019-12-09,backtest,RandomForest,10.0,7.931174435565631,AMAZONAS,under5
2019-12-16,backtest,RandomForest,5.0,7.467789535070871,AMAZONAS,under5
2019-12-23,backtest,RandomForest,6.0,7.629830771756556,AMAZONAS,under5
2019-12-30,backtest,RandomForest,3.0,7.407513749118356,AMAZONAS,under5
2020-01-06,backtest,RandomForest,13.0,6.45099422611308,AMAZONAS,under5
2020-01-13,backtest,RandomForest,11.0,6.52214715237035,AMAZONAS,under5
2020-01-20,backtest,RandomForest,2.0,8.201555866088041,AMAZONAS,under5
2020-01-27,backtest,RandomForest,11.0,6.397177234647896,AMAZONAS,under5
2020-02-03,backtest,RandomForest,4.0,8.389652997613062,AMAZONAS,under5
2020-02-10,backtest,RandomForest,3.0,7.854206037259416,AMAZONAS,under5
2020-02-17,backtest,RandomForest,3.0,8.372687517210624,AMAZONAS,under5
2020-02-24,backtest,RandomForest,9.0,7.711985623782789,AMAZONAS,under5
2020-03-02,backtest,RandomForest,3.0,7.881025045443035,AMAZONAS,under5
2020-03-09,backtest,RandomForest,7.0,7.575718085422016,AMAZONAS,under5
2020-03-16,backtest,RandomForest,9.0,7.266873742676352,AMAZONAS,under5
2020-03-23,backtest,RandomForest,6.0,8.987960530024656,AMAZONAS,under5
2020-03-30,backtest,RandomForest,4.0,9.885304779081695,AMAZONAS,under5
2020-04-06,backtest,RandomForest,4.0,10.594671348471996,AMAZONAS,under5
2020-04-13,backtest,RandomForest,2.0,11.13491133082478,AMAZONAS,under5
2020-04-20,backtest,RandomForest,2.0,12.432119721371148,AMAZONAS,under5
2020-04-27,backtest,RandomForest,0.0,5.791146557961644,AMAZONAS,under5
2020-05-04,backtest,RandomForest,2.0,7.629500672321502,AMAZONAS,under5
2020-05-11,backtest,RandomForest,4.0,10.384139898427415,AMAZONAS,under5
2020-05-18,backtest,RandomForest,0.0,11.617346841071123,AMAZONAS,under5
2020-05-25,backtest,RandomForest,0.0,6.121013269622108,AMAZONAS,under5
2020-06-01,backtest,RandomForest,1.0,7.18808880369696,AMAZONAS,under5
2020-06-08,backtest,RandomForest,2.0,8.68189715519786,AMAZONAS,under5
2020-06-15,backtest,RandomForest,0.0,9.134568252531231,AMAZONAS,under5
2020-06-22,backtest,RandomForest,1.0,2.2228084939359896,AMAZONAS,under5
2020-06-29,backtest,RandomForest,5.0,2.1105513784461154,AMAZONAS,under5
2020-07-06,backtest,RandomForest,4.0,1.969658521303258,AMAZONAS,under5
2020-07-13,backtest,RandomForest,0.0,2.4059819902319903,AMAZONAS,under5
2020-07-20,backtest,RandomForest,0.0,2.27658666210982,AMAZONAS,under5
2020-07-27,backtest,RandomForest,1.0,3.042297439657554,AMAZONAS,under5
2020-08-03,backtest,RandomForest,0.0,2.707609636211741,AMAZONAS,under5
2020-08-10,backtest,RandomForest,4.0,2.6265778901799957,AMAZONAS,under5
2020-08-17,backtest,RandomForest,1.0,1.9863736240969205,AMAZONAS,under5
2020-08-24,backtest,RandomForest,4.0,1.6561110477843446,AMAZONAS,under5
2020-08-31,backtest,RandomForest,0.0,1.773293106943823,AMAZONAS,under5
2020-09-07,backtest,RandomForest,9.0,2.2074213749176796,AMAZONAS,under5
2020-09-14,backtest,RandomForest,1.0,5.009063753900328,AMAZONAS,under5
2020-09-21,backtest,RandomForest,12.0,5.427539206829775,AMAZONAS,under5
2020-09-28,backtest,RandomForest,2.0,4.989322482052912,AMAZONAS,under5
2020-10-05,backtest,RandomForest,8.0,5.120953348661939,AMAZONAS,under5
2020-10-12,backtest,RandomForest,2.0,5.660570948255391,AMAZONAS,under5
2020-10-19,backtest,RandomForest,18.0,6.802815748878433,AMAZONAS,under5
2020-10-26,backtest,RandomForest,1.0,6.081969105085432,AMAZONAS,under5
2020-11-02,backtest,RandomForest,1.0,6.268393996700374,AMAZONAS,under5
2020-11-09,backtest,RandomForest,2.0,5.035814147062703,AMAZONAS,under5
2020-11-16,backtest,RandomForest,4.0,6.197834630340119,AMAZONAS,under5
2020-11-23,backtest,RandomForest,2.0,5.154693593991023,AMAZONAS,under5
2020-11-30,backtest,RandomForest,5.0,5.5045626486475125,AMAZONAS,under5
2020-12-07,backtest,RandomForest,8.0,3.719363203964005,AMAZONAS,under5
2020-12-14,backtest,RandomForest,1.0,4.9716636839251915,AMAZONAS,under5
2020-12-21,backtest,RandomForest,8.0,4.257415994305549,AMAZONAS,under5
2020-12-28,backtest,RandomForest,8.0,4.6415817916186235,AMAZONAS,under5
2021-01-04,backtest,RandomForest,7.0,6.24276526832064,AMAZONAS,under5
2021-01-11,backtest,RandomForest,5.0,6.5362978154361295,AMAZONAS,under5
2021-01-18,backtest,RandomForest,17.0,6.189265667322931,AMAZONAS,under5
2021-01-25,backtest,RandomForest,8.0,5.8743274543740505,AMAZONAS,under5
2021-02-01,backtest,RandomForest,4.0,8.398937342207645,AMAZONAS,under5
2021-02-08,backtest,RandomForest,4.0,7.579444140089635,AMAZONAS,under5
2021-02-15,backtest,RandomForest,4.0,7.3999886871195715,AMAZONAS,under5
2021-02-22,backtest,RandomForest,4.0,7.585147088256297,AMAZONAS,under5
2021-03-01,backtest,RandomForest,12.0,5.122098327239161,AMAZONAS,under5
2021-03-08,backtest,RandomForest,3.0,5.431056403606045,AMAZONAS,under5
2021-03-15,backtest,RandomForest,5.0,5.7780254038442616,AMAZONAS,under5
2021-03-22,backtest,RandomForest,1.0,5.592433499518965,AMAZONAS,under5
2021-03-29,backtest,RandomForest,1.0,5.8735273666726915,AMAZONAS,under5
2021-04-05,backtest,RandomForest,6.0,6.097092632336671,AMAZONAS,under5
2021-04-12,backtest,RandomForest,6.0,6.58329694494585,AMAZONAS,under5
2021-04-19,backtest,RandomForest,4.0,5.7523485787622075,AMAZONAS,under5
2021-04-26,backtest,RandomForest,8.0,4.506373066031048,AMAZONAS,under5
2021-05-03,backtest,RandomForest,5.0,4.505090847952043,AMAZONAS,under5
2021-05-10,backtest,RandomForest,4.0,5.085043914645249,AMAZONAS,under5
2021-05-17,backtest,RandomForest,3.0,5.049663119700612,AMAZONAS,under5
2021-05-24,backtest,RandomForest,8.0,4.317760897239533,AMAZONAS,under5
2021-05-31,backtest,RandomForest,6.0,4.9280089218513465,AMAZONAS,under5
2021-06-07,backtest,RandomForest,7.0,4.028514209920764,AMAZONAS,under5
2021-06-14,backtest,RandomForest,6.0,3.924303134338205,AMAZONAS,under5
2021-06-21,backtest,RandomForest,5.0,7.248806162331018,AMAZONAS,under5
2021-06-28,backtest,RandomForest,4.0,7.098779679567014,AMAZONAS,under5
2021-07-05,backtest,RandomForest,3.0,7.235771882082796,AMAZONAS,under5
2021-07-12,backtest,RandomForest,11.0,7.736659602811805,AMAZONAS,under5
2021-07-19,backtest,RandomForest,3.0,8.540234862918398,AMAZONAS,under5
2021-07-26,backtest,RandomForest,0.0,7.531927393929631,AMAZONAS,under5
2021-08-02,backtest,RandomForest,3.0,8.388616529672461,AMAZONAS,under5
2021-08-09,backtest,RandomForest,3.0,8.319758906066122,AMAZONAS,under5
2021-08-16,backtest,RandomForest,7.0,4.039177898715078,AMAZONAS,under5
2021-08-23,backtest,RandomForest,5.0,3.598599321684337,AMAZONAS,under5
2021-08-30,backtest,RandomForest,2.0,5.188531444093383,AMAZONAS,under5
2021-09-06,backtest,RandomForest,4.0,5.406263581507914,AMAZONAS,under5
2021-09-13,backtest,RandomForest,7.0,4.910360372721932,AMAZONAS,under5
2021-09-20,backtest,RandomForest,7.0,5.2981225046314,AMAZONAS,under5
2021-09-27,backtest,RandomForest,3.0,5.23979779243665,AMAZONAS,under5
2021-10-04,backtest,RandomForest,1.0,5.528238279194,AMAZONAS,under5
2021-10-11,backtest,RandomForest,1.0,5.040141310981733,AMAZONAS,under5
2021-10-18,backtest,RandomForest,2.0,4.968058416581015,AMAZONAS,under5
2021-10-25,backtest,RandomForest,6.0,5.266354232713712,AMAZONAS,under5
2021-11-01,backtest,RandomForest,4.0,4.841482459903081,AMAZONAS,under5
2021-11-08,backtest,RandomForest,2.0,4.347403626543408,AMAZONAS,under5
2021-11-15,backtest,RandomForest,3.0,4.430711522861878,AMAZONAS,under5
2021-11-22,backtest,RandomForest,3.0,5.090910495159273,AMAZONAS,under5
2021-11-29,backtest,RandomForest,2.0,4.934639838738616,AMAZONAS,under5
2021-12-06,backtest,RandomForest,4.0,4.644447503567086,AMAZONAS,under5
2021-12-13,backtest,RandomForest,4.0,4.730116175938331,AMAZONAS,under5
2021-12-20,backtest,RandomForest,11.0,4.721334782591264,AMAZONAS,under5
2021-12-27,backtest,RandomForest,3.0,4.6804626287140385,AMAZONAS,under5
2022-01-03,backtest,RandomForest,12.0,5.866687214025635,AMAZONAS,under5
2022-01-10,backtest,RandomForest,5.0,5.163298051976718,AMAZONAS,under5
2022-01-17,backtest,RandomForest,7.0,6.084556081182964,AMAZONAS,under5
2022-01-24,backtest,RandomForest,7.0,5.673430405066955,AMAZONAS,under5
2022-01-31,backtest,RandomForest,2.0,6.922622327525158,AMAZONAS,under5
2022-02-07,backtest,RandomForest,14.0,5.858514370640204,AMAZONAS,under5
2022-02-14,backtest,RandomForest,2.0,5.848939864047518,AMAZONAS,under5
2022-02-21,backtest,RandomForest,4.0,5.794545202250899,AMAZONAS,under5
2022-02-28,backtest,RandomForest,0.0,4.631232559849002,AMAZONAS,under5
2022-03-07,backtest,RandomForest,4.0,5.18519332138679,AMAZONAS,under5
2022-03-14,backtest,RandomForest,2.0,5.893055619522246,AMAZONAS,under5
2022-03-21,backtest,RandomForest,5.0,5.854714619932917,AMAZONAS,under5
2022-03-28,backtest,RandomForest,2.0,4.326594517478242,AMAZONAS,under5
2022-04-04,backtest,RandomForest,8.0,5.2521601696896365,AMAZONAS,under5
2022-04-11,backtest,RandomForest,3.0,5.303397708872364,AMAZONAS,under5
2022-04-18,backtest,RandomForest,9.0,5.588603106152388,AMAZONAS,under5
2022-04-25,backtest,RandomForest,18.0,5.01988028849991,AMAZONAS,under5
2022-05-02,backtest,RandomForest,9.0,6.267751874152482,AMAZONAS,under5
2022-05-09,backtest,RandomForest,15.0,5.245276498966895,AMAZONAS,under5
2022-05-16,backtest,RandomForest,10.0,5.263812610553382,AMAZONAS,under5
2022-05-23,backtest,RandomForest,12.0,13.07589906078941,AMAZONAS,under5
2022-05-30,backtest,RandomForest,8.0,12.94425327075532,AMAZONAS,under5
2022-06-06,backtest,RandomForest,6.0,14.117917395124756,AMAZONAS,under5
2022-06-13,backtest,RandomForest,9.0,14.70016475217949,AMAZONAS,under5
2022-06-20,backtest,RandomForest,6.0,11.266037196993244,AMAZONAS,under5
2022-06-27,backtest,RandomForest,7.0,11.456397716295287,AMAZONAS,under5
2022-07-04,backtest,RandomForest,13.0,10.19712309647113,AMAZONAS,under5
2022-07-11,backtest,RandomForest,16.0,10.75202678037288,AMAZONAS,under5
2022-07-18,backtest,RandomForest,13.0,11.553410764523806,AMAZONAS,under5
2022-07-25,backtest,RandomForest,8.0,10.412783717755252,AMAZONAS,under5
2022-08-01,backtest,RandomForest,4.0,10.30332884330636,AMAZONAS,under5
2022-08-08,backtest,RandomForest,4.0,10.379842814508201,AMAZONAS,under5
2022-08-15,backtest,RandomForest,5.0,7.128058232562242,AMAZONAS,under5
2022-08-22,backtest,RandomForest,2.0,7.26459856637705,AMAZONAS,under5
2022-08-29,backtest,RandomForest,7.0,7.336553793951336,AMAZONAS,under5
2022-09-05,backtest,RandomForest,5.0,7.861805498006623,AMAZONAS,under5
2022-09-12,backtest,RandomForest,2.0,5.854415209445221,AMAZONAS,under5
2022-09-19,backtest,RandomForest,11.0,5.743007234833424,AMAZONAS,under5
2022-09-26,backtest,RandomForest,11.0,6.070835854641218,AMAZONAS,under5
2022-10-03,backtest,RandomForest,6.0,5.844696749088733,AMAZONAS,under5
2022-10-10,backtest,RandomForest,8.0,7.359260522855229,AMAZONAS,under5
2022-10-17,backtest,RandomForest,7.0,6.723767412839873,AMAZONAS,under5
2022-10-24,backtest,RandomForest,3.0,6.626940795585892,AMAZONAS,under5
2022-10-31,backtest,RandomForest,4.0,6.3767097257601755,AMAZONAS,under5
2022-11-07,backtest,RandomForest,11.0,5.912303533116967,AMAZONAS,under5
2022-11-14,backtest,RandomForest,7.0,5.9695535282998575,AMAZONAS,under5
2022-11-21,backtest,RandomForest,11.0,6.555856115639668,AMAZONAS,under5
2022-11-28,backtest,RandomForest,11.0,6.728942796709294,AMAZONAS,under5
2022-12-05,backtest,RandomForest,14.0,7.826965891504849,AMAZONAS,under5
2022-12-12,backtest,RandomForest,2.0,7.536653761225323,AMAZONAS,under5
2022-12-19,backtest,RandomForest,4.0,6.571619182316396,AMAZONAS,under5
2022-12-26,backtest,RandomForest,2.0,6.460869812254885,AMAZONAS,under5
2023-01-02,backtest,RandomForest,3.0,6.273833136416729,AMAZONAS,under5
2023-01-09,backtest,RandomForest,23.0,5.216882154244273,AMAZONAS,under5
2023-01-16,backtest,RandomForest,7.0,6.819503385063589,AMAZONAS,under5
2023-01-23,backtest,RandomForest,8.0,6.2828133728719315,AMAZONAS,under5
2023-01-30,backtest,RandomForest,7.0,9.333987904072524,AMAZONAS,under5
2023-02-06,backtest,RandomForest,1.0,10.872527918309059,AMAZONAS,under5
2023-02-13,backtest,RandomForest,6.0,8.292358917398484,AMAZONAS,under5
2023-02-20,backtest,RandomForest,27.0,8.962454659140933,AMAZONAS,under5
2023-02-27,backtest,RandomForest,13.0,10.198885505484242,AMAZONAS,under5
2023-03-06,backtest,RandomForest,9.0,10.72236381572095,AMAZONAS,under5
2023-03-13,backtest,RandomForest,8.0,9.511087303040302,AMAZONAS,under5
2023-03-20,backtest,RandomForest,12.0,11.52618609194087,AMAZONAS,under5
2023-03-27,backtest,RandomForest,4.0,11.19809397501495,AMAZONAS,under5
2023-04-03,backtest,RandomForest,4.0,12.386415032988653,AMAZONAS,under5
2023-04-10,backtest,RandomForest,12.0,11.963826129814798,AMAZONAS,under5
2023-04-17,backtest,RandomForest,6.0,12.252662867029285,AMAZONAS,under5
2023-04-24,backtest,RandomForest,9.0,9.682299574389202,AMAZONAS,under5
2023-05-01,backtest,RandomForest,12.0,9.811450917240947,AMAZONAS,under5
2023-05-08,backtest,RandomForest,10.0,9.603059377353112,AMAZONAS,under5
2023-05-15,backtest,RandomForest,12.0,10.280098447764153,AMAZONAS,under5
2023-05-22,backtest,RandomForest,13.0,11.043329709089019,AMAZONAS,under5
2023-05-29,backtest,RandomForest,14.0,10.978866409048827,AMAZONAS,under5
2023-06-05,backtest,RandomForest,8.0,10.989041051177843,AMAZONAS,under5
2023-06-12,backtest,RandomForest,13.0,11.401290759713035,AMAZONAS,under5
2023-06-19,backtest,RandomForest,8.0,11.21953752444307,AMAZONAS,under5
2023-06-26,backtest,RandomForest,22.0,11.454118673362018,AMAZONAS,under5
2023-07-03,backtest,RandomForest,16.0,11.637046539088097,AMAZONAS,under5
2023-07-10,backtest,RandomForest,24.0,10.794034380805435,AMAZONAS,under5
2023-07-17,backtest,RandomForest,11.0,14.746123808437266,AMAZONAS,under5
2023-07-24,backtest,RandomForest,13.0,13.144595590299277,AMAZONAS,under5
2023-07-31,backtest,RandomForest,15.0,12.062123229828371,AMAZONAS,under5
2023-08-07,backtest,RandomForest,11.0,11.932572644590836,AMAZONAS,under5
2023-08-14,backtest,RandomForest,4.0,8.901113588967334,AMAZONAS,under5
2023-08-21,backtest,RandomForest,16.0,9.534463170603054,AMAZONAS,under5
2023-08-28,backtest,RandomForest,8.0,9.535575435321427,AMAZONAS,under5
2023-09-04,backtest,RandomForest,5.0,10.034011898649055,AMAZONAS,under5
2023-09-11,backtest,RandomForest,8.0,8.848462174620492,AMAZONAS,under5
2023-09-18,backtest,RandomForest,9.0,9.211624651639184,AMAZONAS,under5
2023-09-25,backtest,RandomForest,17.0,9.54396531328646,AMAZONAS,under5
2023-10-02,backtest,RandomForest,8.0,8.339922715843024,AMAZONAS,under5
2023-10-09,backtest,RandomForest,9.0,8.80012910298401,AMAZONAS,under5
2023-10-16,backtest,RandomForest,5.0,7.942738503683578,AMAZONAS,under5
2023-10-23,backtest,RandomForest,7.0,8.340139564233448,AMAZONAS,under5
2023-10-30,backtest,RandomForest,7.0,8.397681887461133,AMAZONAS,under5
2023-11-06,backtest,RandomForest,9.0,7.887088112900765,AMAZONAS,under5
2023-11-13,backtest,RandomForest,10.0,8.493449323706423,AMAZONAS,under5
2023-11-20,backtest,RandomForest,11.0,8.09168459422677,AMAZONAS,under5
2023-11-27,backtest,RandomForest,7.0,8.069075601594804,AMAZONAS,under5
2023-12-04,backtest,RandomForest,13.0,7.890010146285034,AMAZONAS,under5
2023-12-11,backtest,RandomForest,11.0,7.24697317892912,AMAZONAS,under5
2023-12-18,backtest,RandomForest,9.0,7.016734342375314,AMAZONAS,under5
2023-12-25,backtest,RandomForest,4.0,7.641605063503037,AMAZONAS,under5
