department,year,ubigeo,iddpto,population,cases_men5,cases_60mas,hosp_men5,hosp_60mas,death_men5,death_60mas,cases_rate_men5,cases_rate_60mas,hosp_rate_men5,hosp_rate_60mas,death_rate_men5,death_rate_60mas,inc_rate_men5,inc_rate_60mas
AMAZONAS,2000,10000,1,356329,2900,0,480,0,30,0,813.854611889574,0.0,134.70697024379155,0.0,8.419185640236972,0.0,813.85,0.0
AMAZONAS,2001,10000,1,359138,2134,0,446,0,20,0,594.2005580027733,0.0,124.18624595559368,0.0,5.568889953165636,0.0,594.2,0.0
AMAZONAS,2002,10000,1,361947,1767,0,267,0,21,0,488.19302273537284,0.0,73.76770632164377,0.0,5.8019544297922065,0.0,488.19,0.0
AMAZONAS,2003,10000,1,364756,1442,0,235,0,9,0,395.3327703999386,0.0,64.42663040498306,0.0,2.4674028665738192,0.0,395.33,0.0
AMAZONAS,2004,10000,1,367566,1305,0,115,0,6,0,355.0382788397186,0.0,31.286898135300873,0.0,1.6323599027113498,0.0,355.04,0.0
AMAZONAS,2005,10000,1,370375,1004,0,58,0,4,0,271.07661154235575,0.0,15.659804252446843,0.0,1.0799865001687479,0.0,271.08,0.0
AMAZONAS,2006,10000,1,373184,1075,62,95,36,3,5,288.06165323272165,16.613788372491854,25.45661121591494,9.646715829188818,0.8038929857657349,1.3398216429428915,288.06,16.61
AMAZONAS,2007,10000,1,375993,1026,62,106,30,11,7,272.8774205902769,16.489668690640517,28.192014213030564,7.978871947084121,2.925586380597511,1.8617367876529616,272.88,16.49
AMAZONAS,2008,10000,1,380130,915,92,115,40,8,10,240.70712650935207,24.20224659984742,30.252808249809277,10.52271591297714,2.104543182595428,2.630678978244285,240.71,24.2
AMAZONAS,2009,10000,1,384267,856,94,96,53,8,5,222.76177761816652,24.46215782255567,24.982629265588773,13.792493240377134,2.0818857721323973,1.3011786075827485,222.76,24.46
AMAZONAS,2010,10000,1,388405,738,94,80,68,11,3,190.00785262805576,24.20154220465751,20.5970571954532,17.50749861613522,2.832095364374815,0.772389644829495,190.01,24.2
AMAZONAS,2011,10000,1,392542,802,52,91,41,14,4,204.30934778953588,13.246990130992353,23.182232729236617,10.444742218667047,3.5664973429594795,1.0189992408455655,204.31,13.25
AMAZONAS,2012,10000,1,396679,592,108,54,72,11,1,149.23905727300917,27.226044232238156,13.613022116119078,18.15069615482544,2.773023023653886,0.2520930021503533,149.24,27.23
AMAZONAS,2013,10000,1,400816,662,123,149,92,14,1,165.16306734262105,30.687397708674304,37.174164704003836,22.95317552193525,3.492874535946669,0.24949103828190494,165.16,30.69
AMAZONAS,2014,10000,1,404953,526,171,94,107,8,3,129.8916170518554,42.22712265374007,23.212570347669978,26.422819438305183,1.9755379019293597,0.7408267132235099,129.89,42.23
AMAZONAS,2015,10000,1,409091,518,163,94,102,9,0,126.62219408395687,39.84443559012542,22.977772671606072,24.933327792593825,2.19999951111122,0.0,126.62,39.84
AMAZONAS,2016,10000,1,413228,453,180,106,91,6,7,109.62471081340084,43.559487740424174,25.651698336027568,22.021741024325554,1.4519829246808058,1.6939800787942734,109.62,43.56
AMAZONAS,2017,10000,1,417365,427,232,89,155,13,3,102.30853090220789,55.586836462089536,21.324260539336073,37.13775711906844,3.1147796293412244,0.7187952990787441,102.31,55.59
AMAZONAS,2018,10000,1,419833,563,128,105,87,5,2,134.10094013572063,30.48831321025265,25.009944430285376,20.722525385093597,1.190949734775494,0.47637989391019764,134.1,30.49
AMAZONAS,2019,10000,1,423863,514,237,106,95,13,1,121.2655976105487,55.914293061673234,25.008080441085916,22.412902282105303,3.067028733340725,0.23592528718005581,121.27,55.91
AMAZONAS,2020,10000,1,426806,217,190,11,134,3,43,50.84277165738064,44.5167125110706,2.5772833559040875,31.395997244649795,0.7028954607011147,10.074834936715979,50.84,44.52
AMAZONAS,2021,10000,1,428512,251,221,17,182,5,92,58.57478903741319,51.57381823612874,3.967216787394519,42.47255619445897,1.1668284668807407,21.46964379060563,58.57,51.57
AMAZONAS,2022,10000,1,429483,377,183,66,110,5,22,87.77995869452342,42.6093698702859,15.36731372370967,25.612189539516116,1.164190433614369,5.122437907903223,87.78,42.61
AMAZONAS,2023,10000,1,429943,538,362,176,181,10,22,125.13286644973869,84.19720753681302,40.93565891292567,42.09860376840651,2.3258897109616856,5.1169573641157085,125.13,84.2
ANCASH,2000,20000,2,1009241,3143,0,707,0,62,0,311.4221479309699,0.0,70.0526435212204,0.0,6.143230407801506,0.0,311.42,0.0
ANCASH,2001,20000,2,1016986,2582,0,790,0,34,0,253.88746747742843,0.0,77.68051870920544,0.0,3.3432121976113733,0.0,253.89,0.0
ANCASH,2002,20000,2,1024732,1658,0,407,0,32,0,161.7984019236249,0.0,39.717701799104546,0.0,3.1227677090205046,0.0,161.8,0.0
ANCASH,2003,20000,2,1032477,1572,0,348,0,27,0,152.2552076220584,0.0,33.705351305646516,0.0,2.6150703599208507,0.0,152.26,0.0
ANCASH,2004,20000,2,1040223,1764,0,515,0,35,0,169.57902295950004,0.0,49.50861497967263,0.0,3.3646631539583343,0.0,169.58,0.0
ANCASH,2005,20000,2,1047968,1252,0,407,0,32,0,119.46929677242052,0.0,38.8370637271367,0.0,3.053528352010748,0.0,119.47,0.0
ANCASH,2006,20000,2,1055714,1452,22,401,8,26,0,137.5372496717861,2.0838977222997896,37.98377212010071,0.7577809899271962,2.4627882172633875,0.0,137.54,2.08
ANCASH,2007,20000,2,1063459,1258,168,262,73,26,5,118.29322992235713,15.797506062763114,24.63658683597581,6.864392515367306,2.4448521287609584,0.47016387091556894,118.29,15.8
ANCASH,2008,20000,2,1071025,1291,221,336,11,22,8,120.5387362573236,20.63443897201279,31.371816717630306,1.0270535234938494,2.0541070469876987,0.7469480170864359,120.54,20.63
ANCASH,2009,20000,2,1078590,1197,286,478,135,17,5,110.97822156704586,26.516099722786233,44.31711771850286,12.516340778238256,1.5761318017040764,0.4635681769717872,110.98,26.52
ANCASH,2010,20000,2,1086156,1156,272,536,143,14,8,106.4303838490972,25.042443258611105,49.348344068439516,13.165696271990395,1.2889492853696891,0.7365424487826795,106.43,25.04
ANCASH,2011,20000,2,1093721,863,209,412,127,7,4,78.90494925122586,19.1090780921277,37.66957021031872,11.611736448326402,0.6400169695927939,0.3657239826244536,78.9,19.11
ANCASH,2012,20000,2,1101287,763,275,451,174,4,6,69.28257575000886,24.970784182506467,40.95208605931061,15.799696173658637,0.3632114062910032,0.5448171094365047,69.28,24.97
ANCASH,2013,20000,2,1108853,968,424,518,265,9,8,87.29741453556062,38.23771049904722,46.714938770062396,23.89856906190451,0.8116495153099644,0.7214662358310795,87.3,38.24
ANCASH,2014,20000,2,1116418,538,359,260,248,3,5,48.18983570669767,32.156414532907924,23.288768185392925,22.213901961451715,0.268716555985303,0.44786092664217164,48.19,32.16
ANCASH,2015,20000,2,1123984,517,252,292,187,7,2,45.9970960440718,22.420247975060143,25.97901749491096,16.637247505302568,0.6227846659738928,0.1779384759925408,46.0,22.42
ANCASH,2016,20000,2,1131549,553,294,328,205,4,9,48.871060820167756,25.982082967684118,28.986813651021738,18.116758531888586,0.35349772745148467,0.7953698867658404,48.87,25.98
ANCASH,2017,20000,2,1139115,748,487,430,300,0,12,65.66501187325248,42.75248767683684,37.748603082217336,26.336234708523723,0.0,1.0534493883409488,65.67,42.75
ANCASH,2018,20000,2,1155451,819,596,548,405,8,11,70.88141340480904,51.58159021888423,47.42736818783315,35.05124838699348,0.6923703385085132,0.9520092154492056,70.88,51.58
ANCASH,2019,20000,2,1169522,697,729,346,526,8,6,59.596997747797815,62.33315833306256,29.5847363281751,44.975639620289314,0.6840401463161873,0.5130301097371405,59.6,62.33
ANCASH,2020,20000,2,1180638,181,532,64,293,0,13,15.330694082352084,45.060382606692315,5.420797907572008,24.817090420603098,0.0,1.101099574975564,15.33,45.06
ANCASH,2021,20000,2,1188391,233,1093,76,730,1,59,19.606341683839748,91.97309639672464,6.3952015792782,61.42759411675114,0.08414738920102895,4.964695962860708,19.61,91.97
ANCASH,2022,20000,2,1194156,599,803,192,493,3,15,50.160950495580146,67.24414565601144,16.078301327464754,41.28438830437564,0.2512234582416368,1.2561172912081837,50.16,67.24
ANCASH,2023,20000,2,1198547,903,782,362,443,7,15,75.34122566741229,65.24566829669592,30.203237753713456,36.96142078700293,0.5840405090497077,1.251515376535088,75.34,65.25
APURIMAC,2000,30000,3,393094,2769,0,401,0,17,0,704.4116674383226,0.0,102.01122377853645,0.0,4.3246653472197485,0.0,704.41,0.0
APURIMAC,2001,30000,3,394679,2173,0,351,0,14,0,550.5740107783795,0.0,88.93303165357163,0.0,3.5471864477208057,0.0,550.57,0.0
APURIMAC,2002,30000,3,396264,1692,0,333,0,19,0,426.98806856035367,0.0,84.03488583368663,0.0,4.794783275795933,0.0,426.99,0.0
APURIMAC,2003,30000,3,397849,1783,0,432,0,39,0,448.1599802940312,0.0,108.58390997589538,0.0,9.80271409504611,0.0,448.16,0.0
APURIMAC,2004,30000,3,399434,1242,0,400,0,18,0,310.9399800718016,0.0,100.14170050621631,0.0,4.506376522779734,0.0,310.94,0.0
APURIMAC,2005,30000,3,401020,1512,0,626,0,9,0,377.0385516931824,0.0,156.1019400528652,0.0,2.2442770934118,0.0,377.04,0.0
APURIMAC,2006,30000,3,402605,1351,173,502,87,5,6,335.5646353125272,42.97015685349164,124.68796959799307,21.609269631524693,1.2419120477887757,1.4902944573465307,335.56,42.97
APURIMAC,2007,30000,3,404190,1263,266,505,170,5,9,312.4768054627774,65.81063361290482,124.94124050570277,42.05942749696925,1.2370419852049779,2.22667557336896,312.48,65.81
APURIMAC,2008,30000,3,406197,1145,312,525,213,11,14,281.8829287267016,76.81002075347676,129.24763107556186,52.43761032208509,2.7080456034879625,3.4466034953483162,281.88,76.81
APURIMAC,2009,30000,3,408204,877,235,406,134,10,7,214.84355861285044,57.56925458839208,99.46007388462633,32.826723892955485,2.449755514399663,1.714828860079764,214.84,57.57
APURIMAC,2010,30000,3,410211,796,247,437,148,5,1,194.04647851959115,60.2129148170088,106.53054159932329,36.07899349359232,1.2188849153240648,0.243776983064813,194.05,60.21
APURIMAC,2011,30000,3,412218,486,82,171,38,5,3,117.89878171258898,19.892387037926536,41.48290467665167,9.21842326147815,1.2129504291418618,0.727770257485117,117.9,19.89
APURIMAC,2012,30000,3,414224,454,173,167,56,3,8,109.60253389470432,41.76484221097763,40.31635057360269,13.51925528216617,0.7242458186874735,1.9313221831665959,109.6,41.76
APURIMAC,2013,30000,3,416231,414,133,146,55,4,5,99.4639995579378,31.953410486004167,35.07667617260608,13.213816366392699,0.9610048266467418,1.2012560333084272,99.46,31.95
APURIMAC,2014,30000,3,418238,665,362,84,82,5,4,159.00037777533365,86.55358910476811,20.084258245305307,19.606061620417083,1.1954915622205537,0.956393249776443,159.0,86.55
APURIMAC,2015,30000,3,420245,339,191,108,79,2,2,80.66722983021809,45.44967816392819,25.69929445918452,18.798557984033124,0.4759128603552689,0.4759128603552689,80.67,45.45
APURIMAC,2016,30000,3,422252,337,207,129,144,4,13,79.81016075708345,49.02285838788212,30.550476966361316,34.102858008961476,0.9473016113600409,3.0787302369201326,79.81,49.02
APURIMAC,2017,30000,3,424259,306,275,110,116,6,9,72.12575337235037,64.81889600456324,25.927558401825298,27.34178886010668,1.41423045828138,2.12134568742207,72.13,64.82
APURIMAC,2018,30000,3,427323,466,384,142,167,2,23,109.05099889310895,89.86176732822713,33.23013270991732,39.08050818701544,0.46803003816784955,5.382345438930271,109.05,89.86
APURIMAC,2019,30000,3,429587,301,362,92,159,7,24,70.06729719474751,84.266982008301,21.41591807945771,37.012293202541045,1.629472027784826,5.586761238119403,70.07,84.27
APURIMAC,2020,30000,3,430736,70,212,32,78,4,16,16.251253668140112,49.21808253779577,7.429144534006909,18.10853980164184,0.9286430667508636,3.7145722670034544,16.25,49.22
APURIMAC,2021,30000,3,430609,69,382,29,64,0,7,16.023817430662156,88.7115689639557,6.734647905640616,14.862671240034462,0.0,1.6256046668787696,16.02,88.71
APURIMAC,2022,30000,3,429720,265,289,153,162,4,26,61.66806292469515,67.25309503862981,35.60457972633343,37.69896676905892,0.9308386856557759,6.050451456762543,61.67,67.25
APURIMAC,2023,30000,3,428311,346,504,158,212,2,41,80.78242211850734,117.67150505123612,36.88908293272878,49.49674418821837,0.4669504168699846,9.572483545834686,80.78,117.67
AREQUIPA,2000,40000,4,1034554,3193,0,797,0,52,0,308.63541197462865,0.0,77.0380279811397,0.0,5.026320520726806,0.0,308.64,0.0
AREQUIPA,2001,40000,4,1051376,3102,0,1100,0,32,0,295.04192600934397,0.0,104.62479645721417,0.0,3.043630442391685,0.0,295.04,0.0
AREQUIPA,2002,40000,4,1068197,2857,0,958,0,10,0,267.4600284404468,0.0,89.6838317276682,0.0,0.9361569073869334,0.0,267.46,0.0
AREQUIPA,2003,40000,4,1085018,3136,0,983,0,10,0,289.02746313886036,0.0,90.59757533976395,0.0,0.9216436962336109,0.0,289.03,0.0
AREQUIPA,2004,40000,4,1101839,2435,0,924,0,18,0,220.99417428499083,0.0,83.85980165886305,0.0,1.6336324998479812,0.0,220.99,0.0
AREQUIPA,2005,40000,4,1118661,2482,0,898,0,7,0,221.8723992344419,0.0,80.27454251109138,0.0,0.6257481042067258,0.0,221.87,0.0
AREQUIPA,2006,40000,4,1135482,2890,41,917,1,14,0,254.51746482991365,3.6108014041614043,80.7586557955124,0.08806832693076597,1.2329565770307234,0.0,254.52,3.61
AREQUIPA,2007,40000,4,1152303,2509,590,880,102,15,48,217.7378692930592,51.201810634876416,76.36880230286653,8.851838448741345,1.3017409483443156,4.16557103470181,217.74,51.2
AREQUIPA,2008,40000,4,1183116,2755,1028,1043,55,17,59,232.85966887439608,86.88919767799608,88.15703616551546,4.648741120904459,1.4368836191886512,4.986831384242965,232.86,86.89
AREQUIPA,2009,40000,4,1213929,2364,1121,856,380,15,76,194.73956055090537,92.3447746944014,70.51483241606387,31.30331345572929,1.2356571100945772,6.260662691145858,194.74,92.34
AREQUIPA,2010,40000,4,1244742,1963,1464,741,449,10,85,157.70336342792322,117.61473461970432,59.5304087112028,36.071732134048666,0.803379334834046,6.82872434608939,157.7,117.61
AREQUIPA,2011,40000,4,1275555,1839,1750,578,748,27,107,144.17253666051246,137.19518170521852,45.31360858606646,58.64114052314482,2.1167256605948,8.388505395690505,144.17,137.2
AREQUIPA,2012,40000,4,1306368,1669,1561,627,763,12,149,127.75879384675682,119.49159807956104,47.99566431510876,58.406207133058984,0.9185773074661964,11.405668234371937,127.76,119.49
AREQUIPA,2013,40000,4,1337181,1634,1308,531,544,5,74,122.19736894257397,97.81772250727462,39.710405696760574,40.68260018651178,0.3739209575966156,5.534030172429911,122.2,97.82
AREQUIPA,2014,40000,4,1367994,1389,1259,416,435,6,48,101.53553305058355,92.03256739430144,30.40949010010278,31.798385080636315,0.4385984149053285,3.508787319242628,101.54,92.03
AREQUIPA,2015,40000,4,1398807,1487,1274,557,385,3,10,106.30487265219577,91.07761113577499,39.819646312893774,27.523453914657278,0.2144684720622645,0.714894906874215,106.3,91.08
AREQUIPA,2016,40000,4,1429620,1819,1863,765,430,3,36,127.23660832948615,130.31434926763754,53.51072312922315,30.07792280466138,0.20984597305577704,2.5181516766693246,127.24,130.31
AREQUIPA,2017,40000,4,1460433,1789,1726,913,534,2,65,122.49791671374173,118.18412758407952,62.51570595843835,36.564498337136996,0.1369456866559438,4.450734816318175,122.5,118.18
AREQUIPA,2018,40000,4,1428708,1996,1959,1208,596,6,51,139.70664404482932,137.11689162516063,84.55191683675041,41.71601194925765,0.4199598518381643,3.5696587406243965,139.71,137.12
AREQUIPA,2019,40000,4,1464638,1676,2205,874,552,4,216,114.43100615988388,150.54914593230544,59.67344831965305,37.68849367557035,0.2731050266345677,14.747671438266655,114.43,150.55
AREQUIPA,2020,40000,4,1497438,236,2127,69,893,0,126,15.760251843482001,142.04260877578903,4.607870242373974,59.635190238260286,0.0,8.414371746943779,15.76,142.04
AREQUIPA,2021,40000,4,1526669,301,2869,130,1186,3,114,19.716127071421507,187.92547696979503,8.51527082818869,77.68547078639835,0.1965062498812775,7.467237495488543,19.72,187.93
AREQUIPA,2022,40000,4,1553994,1030,1778,396,766,7,287,66.28082219107668,114.41485617061583,25.48272387152074,49.29233961006285,0.4504521896480939,18.46853977557185,66.28,114.41
AREQUIPA,2023,40000,4,1580075,1946,2062,656,564,9,296,123.1587108206889,130.500134487287,41.51701659731342,35.69450817208044,0.5695932155119219,18.733287976836543,123.16,130.5
AYACUCHO,2000,50000,5,552498,1555,0,307,0,20,0,281.44898262075156,0.0,55.565812002939374,0.0,3.6199226060546823,0.0,281.45,0.0
AYACUCHO,2001,50000,5,561068,1119,0,232,0,3,0,199.44106596704856,0.0,41.34971162140774,0.0,0.5346945468285483,0.0,199.44,0.0
AYACUCHO,2002,50000,5,569638,858,0,220,0,7,0,150.62197395538922,0.0,38.62101896292031,0.0,1.228850603365646,0.0,150.62,0.0
AYACUCHO,2003,50000,5,578208,849,0,234,0,14,0,146.83297360119542,0.0,40.46986551552383,0.0,2.42127400520228,0.0,146.83,0.0
AYACUCHO,2004,50000,5,586779,768,0,182,0,19,0,130.88402959206107,0.0,31.016788262701972,0.0,3.2380163570952605,0.0,130.88,0.0
AYACUCHO,2005,50000,5,595349,782,0,275,0,24,0,131.35152658356697,0.0,46.19139361954081,0.0,4.03124889770538,0.0,131.35,0.0
AYACUCHO,2006,50000,5,603919,793,23,212,22,5,1,131.3090000480197,3.8084577567521474,35.10404541006327,3.6428726368933577,0.827925599293945,0.16558511985878901,131.31,3.81
AYACUCHO,2007,50000,5,612489,713,132,251,49,18,8,116.41025389843736,21.551407453848153,40.980327809968834,8.000143676049692,2.9388282891611115,1.3061459062938272,116.41,21.55
AYACUCHO,2008,50000,5,616334,828,225,300,28,10,3,134.34274273364767,36.506180090665126,48.6749067875535,4.542991300171661,1.6224968929184502,0.486749067875535,134.34,36.51
AYACUCHO,2009,50000,5,620179,476,116,230,44,10,1,76.75203449326726,18.7042773134853,37.086067087082924,7.094725877528908,1.6124376994383878,0.1612437699438388,76.75,18.7
AYACUCHO,2010,50000,5,624024,535,94,245,57,8,5,85.73388203017832,15.063523197825726,39.26131046241811,9.134264066766663,1.2820019742830404,0.8012512339269002,85.73,15.06
AYACUCHO,2011,50000,5,627869,412,111,176,87,12,1,65.61878353605609,17.678847020636468,28.031325005693862,13.856393610769125,1.9112267049336724,0.15926889207780603,65.62,17.68
AYACUCHO,2012,50000,5,631714,441,155,160,106,11,3,69.81007227954422,24.53641996219808,25.327917380333503,16.779745264470947,1.7412943198979287,0.4748984508812532,69.81,24.54
AYACUCHO,2013,50000,5,635560,436,294,151,230,11,25,68.60091887469318,46.258417773302284,23.758575114859337,36.18855812197118,1.7307571275725346,3.9335389263012144,68.6,46.26
AYACUCHO,2014,50000,5,639405,523,401,245,320,20,41,81.79479359717237,62.71455493779373,38.316872717604646,50.04652763115709,3.127907976947318,6.412211352742003,81.79,62.71
AYACUCHO,2015,50000,5,643250,600,270,285,221,7,0,93.27633113097552,41.97434900893899,44.30625728721337,34.35678196657598,1.0882238631947143,0.0,93.28,41.97
AYACUCHO,2016,50000,5,647095,258,262,121,224,6,53,39.87049814942165,40.48864540755222,18.698954558449685,34.61624645531182,0.9272208871958523,8.190451170230027,39.87,40.49
AYACUCHO,2017,50000,5,650940,409,330,165,231,8,38,62.8322118782069,50.69591667434787,25.347958337173935,35.487141672043506,1.22899191937813,5.837711617046118,62.83,50.7
AYACUCHO,2018,50000,5,659061,416,394,255,302,11,59,63.120105726177094,59.78202321181195,38.69141096195952,45.82276906083048,1.6690412571825672,8.95213037943377,63.12,59.78
AYACUCHO,2019,50000,5,664494,306,439,138,320,6,59,46.05007720160001,66.06530683497519,20.76768187523138,48.1569434787974,0.9029426902274513,8.87893645390327,46.05,66.07
AYACUCHO,2020,50000,5,668213,79,292,26,155,3,51,11.822577531415881,43.69864100219541,3.890974883757125,23.196196422398245,0.4489586404335144,7.632296887369746,11.82,43.7
AYACUCHO,2021,50000,5,669979,160,1972,71,1381,7,455,23.88134553471079,294.3375837153105,10.597347081027912,206.12586364647248,1.0448088671435969,67.9125763643338,23.88,294.34
AYACUCHO,2022,50000,5,670579,448,1190,295,931,4,163,66.80793761808825,177.4585842980469,43.99183392262508,138.83524536258963,0.5964994430186451,24.307352303009786,66.81,177.46
AYACUCHO,2023,50000,5,670377,549,596,359,427,9,100,81.89421773121691,88.9051981198639,53.55195658562271,63.69550267983537,1.3425281595281462,14.916979550312734,81.89,88.91
CAJAMARCA,2000,60000,6,1323808,6915,0,705,0,100,0,522.3567163818318,0.0,53.25545698469868,0.0,7.553965529744495,0.0,522.36,0.0
CAJAMARCA,2001,60000,6,1332951,4242,0,543,0,27,0,318.2412556800663,0.0,40.736681243346524,0.0,2.0255808353045235,0.0,318.24,0.0
CAJAMARCA,2002,60000,6,1342094,4354,0,862,0,41,0,324.418408844686,0.0,64.22798999175915,0.0,3.054927598215922,0.0,324.42,0.0
CAJAMARCA,2003,60000,6,1351237,4094,0,1039,0,52,0,302.9816383062335,0.0,76.8925066439122,0.0,3.8483256453161068,0.0,302.98,0.0
CAJAMARCA,2004,60000,6,1360380,2995,0,1010,0,88,0,220.15907320013525,0.0,74.24396124612241,0.0,6.468780781840368,0.0,220.16,0.0
CAJAMARCA,2005,60000,6,1369523,2716,0,862,0,69,0,198.31722431824804,0.0,62.941622740180335,0.0,5.038250544167568,0.0,198.32,0.0
CAJAMARCA,2006,60000,6,1378666,2634,56,857,27,49,0,191.05425099335153,4.061897515424331,62.161538762833054,1.9584148735081595,3.554160325996289,0.0,191.05,4.06
CAJAMARCA,2007,60000,6,1387809,2428,72,764,25,35,2,174.95202870135589,5.188033800040207,55.05080310042664,1.8014006250139607,2.5219608750195452,0.14411205000111688,174.95,5.19
CAJAMARCA,2008,60000,6,1391781,2534,111,714,94,27,0,182.06887434158105,7.975392680313929,51.30117453823554,6.753936143689273,1.9399603816979827,0.0,182.07,7.98
CAJAMARCA,2009,60000,6,1395753,2315,105,632,52,23,0,165.86029189978456,7.522821014893037,45.280217918213324,3.7255875502327416,1.6478560318337125,0.0,165.86,7.52
CAJAMARCA,2010,60000,6,1399724,1647,96,461,27,11,3,117.66605416496395,6.858494960435058,32.935064341255845,1.92895170762236,0.7858692142165169,0.21432796751359556,117.67,6.86
CAJAMARCA,2011,60000,6,1403696,1652,65,423,33,5,1,117.689300247347,4.630632273654695,30.134730027014395,2.3509363850862295,0.35620248258882264,0.07124049651776453,117.69,4.63
CAJAMARCA,2012,60000,6,1407668,1196,126,320,57,14,6,84.96321575826119,8.950974235402098,22.73263297879898,4.049250249348568,0.9945526928224553,0.4262368683524808,84.96,8.95
CAJAMARCA,2013,60000,6,1411640,1248,177,401,69,15,2,88.40780935649316,12.538607577002635,28.406675923039867,4.887931767306112,1.0625938624578504,0.14167918166104673,88.41,12.54
CAJAMARCA,2014,60000,6,1415612,950,183,280,87,4,2,67.10878404534576,12.927271031892921,19.779431087049275,6.145751802047454,0.2825633012435611,0.14128165062178055,67.11,12.93
CAJAMARCA,2015,60000,6,1419583,812,118,244,30,4,3,57.19989602580477,8.312300161385421,17.18814609642409,2.113296651199683,0.28177288682662444,0.21132966511996834,57.2,8.31
CAJAMARCA,2016,60000,6,1423555,670,312,260,74,5,4,47.065269694532354,21.916961409991185,18.264134508325988,5.198253667754319,0.3512333559293459,0.2809866847434767,47.07,21.92
CAJAMARCA,2017,60000,6,1427527,643,530,260,118,6,12,45.042930886771316,37.12714365472597,18.21331575514859,8.266043304259744,0.4203072866572751,0.8406145733145503,45.04,37.13
CAJAMARCA,2018,60000,6,1438325,662,664,292,165,6,15,46.02575912954305,46.164809761354356,20.301392244451012,11.471677124432933,0.4171518954339249,1.042879738584812,46.03,46.16
CAJAMARCA,2019,60000,6,1447891,809,371,361,226,3,14,55.874371758647584,25.62347580031922,24.932816075243235,15.60890978671737,0.20719791752279693,0.9669236151063858,55.87,25.62
CAJAMARCA,2020,60000,6,1453711,237,354,113,235,1,17,16.303102886337108,24.35147013402251,7.773209393063683,16.165523959026245,0.06878946365543083,1.169420882142324,16.3,24.35
CAJAMARCA,2021,60000,6,1455245,246,435,127,261,1,7,16.9043700545269,29.891873876907326,8.727052833028116,17.935124326144397,0.06871695144116627,0.48101866008816385,16.9,29.89
CAJAMARCA,2022,60000,6,1454217,875,832,432,206,1,5,60.16983710134045,57.212919392360284,29.70670814603323,14.165698791858436,0.06876552811581765,0.34382764057908827,60.17,57.21
CAJAMARCA,2023,60000,6,1451436,1161,678,496,335,3,5,79.9897480839665,46.71235934619232,34.173053445002054,23.08059053241066,0.2066918555141253,0.34448642585687556,79.99,46.71
CALLAO,2000,70000,7,758303,821,0,229,0,1,0,108.26806698641572,0.0,30.199010158208527,0.0,0.13187340680440404,0.0,108.27,0.0
CALLAO,2001,70000,7,775242,1045,0,397,0,2,0,134.79661834627123,0.0,51.20981577365519,0.0,0.25798395855745687,0.0,134.8,0.0
CALLAO,2002,70000,7,792181,1149,0,457,0,3,0,145.04261021155517,0.0,57.68883626342969,0.0,0.3787013321450527,0.0,145.04,0.0
CALLAO,2003,70000,7,809120,1475,0,445,0,1,0,182.29681629424562,0.0,54.9980225430097,0.0,0.1235910618944038,0.0,182.3,0.0
CALLAO,2004,70000,7,826060,1296,0,454,0,6,0,156.88933007287608,0.0,54.959688158245164,0.0,0.7263394910781299,0.0,156.89,0.0
CALLAO,2005,70000,7,842999,1056,0,258,0,1,0,125.26705251133157,0.0,30.605018511291235,0.0,0.11862410275694277,0.0,125.27,0.0
CALLAO,2006,70000,7,859938,1268,101,261,7,4,1,147.45249076096184,11.74503278143308,30.351025306475584,0.8140121729706095,0.4651498131260626,0.11628745328151564,147.45,11.75
CALLAO,2007,70000,7,876877,1308,9,186,6,2,1,149.165732480154,1.0263697189001422,21.211640857269607,0.6842464792667615,0.22808215975558715,0.11404107987779358,149.17,1.03
CALLAO,2008,70000,7,893885,1518,395,157,6,0,3,169.82050263736386,44.18912947414936,17.563780575801136,0.6712272831516358,0.0,0.3356136415758179,169.82,44.19
CALLAO,2009,70000,7,910892,1333,598,106,6,0,4,146.34007105123328,65.64993435006565,11.636944884794245,0.6586949934789196,0.0,0.439129995652613,146.34,65.65
CALLAO,2010,70000,7,927900,1383,1123,114,16,3,0,149.04623343032657,121.02597262636061,12.285806660200453,1.7243237417825197,0.3233107015842224,0.0,149.05,121.03
CALLAO,2011,70000,7,944907,1386,620,106,28,3,3,146.6811019497157,65.61492295008927,11.21803521404752,2.9632545848427414,0.3174915626617223,0.3174915626617223,146.68,65.61
CALLAO,2012,70000,7,961915,915,376,103,28,3,2,95.12274993112698,39.08869286787294,10.707806822848172,2.9108601071820277,0.3118778686266458,0.20791857908443054,95.12,39.09
CALLAO,2013,70000,7,978923,727,460,69,54,9,33,74.26528950693772,46.990417019520436,7.048562552928065,5.51626634576979,0.919377724294965,3.371051655748205,74.27,46.99
CALLAO,2014,70000,7,995930,693,237,55,43,5,33,69.58320363880995,23.796853192493447,5.522476479270631,4.317572520157039,0.5020433162973301,3.313485887562379,69.58,23.8
CALLAO,2015,70000,7,1012938,960,661,181,198,2,0,94.77381636388407,65.25572147554935,17.868813293607307,19.54709962505109,0.19744545075809183,0.0,94.77,65.26
CALLAO,2016,70000,7,1029945,896,870,78,105,5,72,86.99493662282937,84.47052997975621,7.573219929219522,10.194719135487817,0.48546281597561036,6.990664550048789,86.99,84.47
CALLAO,2017,70000,7,1046953,829,835,74,197,5,102,79.18216003965794,79.75525166841301,7.068130087979117,18.81650847745792,0.4775763572958862,9.74255768883608,79.18,79.76
CALLAO,2018,70000,7,1078789,853,950,324,432,5,104,79.0701425394586,88.06170622800195,30.033676650392245,40.04490220052299,0.4634826643579051,9.640439418644425,79.07,88.06
CALLAO,2019,70000,7,1105512,875,1146,366,440,3,127,79.14884686914299,103.662375442329,33.1068319475501,39.800562997054755,0.2713674749799188,11.487889774149895,79.15,103.66
CALLAO,2020,70000,7,1129854,225,1405,96,705,0,146,19.914077394070382,124.3523499496395,8.49667302147003,62.397442501420535,0.0,12.92202355348567,19.91,124.35
CALLAO,2021,70000,7,1151480,176,1431,64,740,0,389,15.284677111196025,124.27484628478132,5.558064404071282,64.26511967207419,0.0,33.78261020599576,15.28,124.27
CALLAO,2022,70000,7,1171648,469,928,124,403,2,133,40.02908723439121,79.20467580706833,10.583383405254821,34.395996067078165,0.17069973234281968,11.351532200797509,40.03,79.2
CALLAO,2023,70000,7,1190860,815,1340,261,502,0,82,68.43793560955947,112.52372235191375,21.916933980484693,42.15440941840351,0.0,6.885780024520095,68.44,112.52
CUSCO,2000,80000,8,1100083,4870,0,1161,0,113,0,442.6938694625769,0.0,105.53749126202295,0.0,10.271952207242544,0.0,442.69,0.0
CUSCO,2001,80000,8,1110272,4534,0,1224,0,81,0,408.36839981554067,0.0,110.2432557067097,0.0,7.295509568826377,0.0,408.37,0.0
CUSCO,2002,80000,8,1120460,3501,0,992,0,69,0,312.4609535369402,0.0,88.53506595505416,0.0,6.158185031147922,0.0,312.46,0.0
CUSCO,2003,80000,8,1130649,3902,0,1381,0,120,0,345.1115244430411,0.0,122.14223866115833,0.0,10.613373381128891,0.0,345.11,0.0
CUSCO,2004,80000,8,1140837,3187,0,1153,0,75,0,279.3562971747936,0.0,101.06614704817602,0.0,6.574120579890028,0.0,279.36,0.0
CUSCO,2005,80000,8,1151026,3001,0,1196,0,51,0,260.7239106675262,0.0,103.90729662058025,0.0,4.430829538168556,0.0,260.72,0.0
CUSCO,2006,80000,8,1161214,2679,543,1132,258,28,13,230.70682923216563,46.76140659688912,97.48418465502482,22.218126891339583,2.4112695851066213,1.1195180216566456,230.71,46.76
CUSCO,2007,80000,8,1171403,2536,986,1014,466,37,30,216.49253075158595,84.17256913291156,86.56286521376504,39.78135620277565,3.1586055354135167,2.5610315152001486,216.49,84.17
CUSCO,2008,80000,8,1185785,2058,909,778,315,36,33,173.5559144364282,76.65807882541944,65.6105449132853,26.564680781085947,3.0359635178383937,2.782966558018528,173.56,76.66
CUSCO,2009,80000,8,1200166,1889,941,786,327,42,17,157.39489370637062,78.40582052816028,65.49094041990858,27.246230938053568,3.4995159003004583,1.4164707215501855,157.39,78.41
CUSCO,2010,80000,8,1214548,1748,901,695,438,30,29,143.92185405599452,74.1839762611276,57.222933963910855,36.06279867078123,2.470054703478166,2.387719546695561,143.92,74.18
CUSCO,2011,80000,8,1228930,1386,777,543,393,27,28,112.78103716240958,63.225732954684155,44.18477862856306,31.979038675921327,2.1970331914755112,2.2784047911597893,112.78,63.23
CUSCO,2012,80000,8,1243312,1375,802,568,382,26,13,110.59170988456637,64.50512823812527,45.68442997413361,30.724387764294082,2.0911886959990733,1.0455943479995367,110.59,64.51
CUSCO,2013,80000,8,1257693,1386,878,498,362,44,8,110.20177420085824,69.8103591257962,39.59630847909625,28.78285877396153,3.498469022249468,0.6360852767726305,110.2,69.81
CUSCO,2014,80000,8,1272075,1049,737,430,268,34,31,82.46369121317532,57.93683548532909,33.80303834286501,21.067940176483305,2.6727983805986284,2.4369632293693377,82.46,57.94
CUSCO,2015,80000,8,1286457,894,741,330,257,30,1,69.49318943423683,57.600059698847296,25.651848448879367,19.9773486404909,2.331986222625397,0.07773287408751323,69.49,57.6
CUSCO,2016,80000,8,1300838,857,1026,322,329,24,52,65.88060926879442,78.87223466719145,24.753274427715056,25.291389089187124,1.8449645536185137,3.9974231995067795,65.88,78.87
CUSCO,2017,80000,8,1315220,984,1157,415,382,23,47,74.81638052949317,87.9700734477882,31.553656422499657,29.04457049010812,1.7487568619698606,3.5735466309818893,74.82,87.97
CUSCO,2018,80000,8,1320530,1260,1426,566,482,46,113,95.41623439073705,107.9869446358659,42.8615783056803,36.5004960129645,3.483449826963416,8.557170227105784,95.42,107.99
CUSCO,2019,80000,8,1340457,1051,1406,353,424,12,82,78.40609583149627,104.88960108380948,26.334302405821298,31.63100345628394,0.8952170789514323,6.11731670616812,78.41,104.89
CUSCO,2020,80000,8,1357075,287,1303,103,303,9,67,21.14842584234475,96.01532708214359,7.5898531768693696,22.327432161081738,0.6631910542895566,4.937088959711144,21.15,96.02
CUSCO,2021,80000,8,1369932,362,1591,107,456,6,92,26.424669253656383,116.13715133305888,7.8106066578487106,33.28632370073843,0.43797794343076885,6.715661799271789,26.42,116.14
CUSCO,2022,80000,8,1380594,1157,1192,363,370,21,149,83.80450733524845,86.33964800658268,26.293030391266367,26.80005852553321,1.5210844028005337,10.792456000822835,83.8,86.34
CUSCO,2023,80000,8,1389737,1443,1567,278,759,26,203,103.83259566378388,112.75514719691567,20.003784888795508,54.61465011005679,1.8708575795276372,14.607080332465785,103.83,112.76
HUANCAVELICA,2000,90000,9,419980,3779,0,737,0,92,0,899.804752607267,0.0,175.48454688318492,0.0,21.90580503833516,0.0,899.8,0.0
HUANCAVELICA,2001,90000,9,424953,2761,0,595,0,71,0,649.7189100912336,0.0,140.01548406529662,0.0,16.70773003132111,0.0,649.72,0.0
HUANCAVELICA,2002,90000,9,429927,1693,0,430,0,65,0,393.7877825770422,0.0,100.01697962677386,0.0,15.118845757535583,0.0,393.79,0.0
HUANCAVELICA,2003,90000,9,434901,1541,0,510,0,54,0,354.3335149838699,0.0,117.26806790510943,0.0,12.416618954658645,0.0,354.33,0.0
HUANCAVELICA,2004,90000,9,439875,1237,0,454,0,35,0,281.21625461778916,0.0,103.21113952827508,0.0,7.956805910770106,0.0,281.22,0.0
HUANCAVELICA,2005,90000,9,444849,1140,0,477,0,57,0,256.26673320609916,0.0,107.22739626255202,0.0,12.813336660304957,0.0,256.27,0.0
HUANCAVELICA,2006,90000,9,449823,1118,390,503,60,41,117,248.5422043781665,86.70076896912785,111.8217610037726,13.338579841404286,9.114696224959594,26.010230690738357,248.54,86.7
HUANCAVELICA,2007,90000,9,454797,1038,178,394,59,43,63,228.2336954729253,39.13834084217794,86.63205781920286,12.972820840946621,9.454767731537366,13.852334118298934,228.23,39.14
HUANCAVELICA,2008,90000,9,446042,1109,220,447,68,47,38,248.6312948108026,49.32270952062811,100.21477798054892,15.245201124557775,10.53712430667964,8.519377099017582,248.63,49.32
HUANCAVELICA,2009,90000,9,437288,952,216,414,74,33,39,217.70549386216862,49.39536415360129,94.67444796106913,16.92248586743748,7.5465139679113085,8.918607416622455,217.71,49.4
HUANCAVELICA,2010,90000,9,428534,777,250,308,107,26,52,181.31583491624934,58.33842822273145,71.87294357040516,24.96884727932906,6.067196535164071,12.134393070328143,181.32,58.34
HUANCAVELICA,2011,90000,9,419779,546,217,249,117,12,40,130.06844077478863,51.693867487416,59.316926287403604,27.871808737454707,2.8586470499953545,9.528823499984515,130.07,51.69
HUANCAVELICA,2012,90000,9,411024,439,208,175,125,11,30,106.8064151971661,50.60531745104909,42.5765892016038,30.411849429717,2.676242749815096,7.29884386313208,106.81,50.61
HUANCAVELICA,2013,90000,9,402270,482,263,184,142,20,61,119.82002137867602,65.37897432072985,45.740423098913666,35.299674348074674,4.971785119447138,15.16394461431377,119.82,65.38
HUANCAVELICA,2014,90000,9,393516,365,249,145,147,11,59,92.7535347990933,63.27569908212118,36.84729464621515,37.35553319305949,2.7953120076439077,14.993037131908233,92.75,63.28
HUANCAVELICA,2015,90000,9,384761,350,229,130,134,16,24,90.96556043881786,59.51746668711226,33.787208162989494,34.82681456800456,4.158425620060245,6.237638430090368,90.97,59.52
HUANCAVELICA,2016,90000,9,376006,292,306,114,184,10,38,77.65833523933128,81.3816800795732,30.31866512768413,48.935389328893685,2.659532028744222,10.106221709228045,77.66,81.38
HUANCAVELICA,2017,90000,9,367252,235,241,103,94,18,34,63.98875976168952,65.62251533007309,28.04613725725115,25.595503904675812,4.901266705150687,9.257948220840186,63.99,65.62
HUANCAVELICA,2018,90000,9,376346,255,310,132,159,7,95,67.75679826542596,82.37100965600803,35.074107337396974,42.2483565655009,1.8599905406195363,25.24272876555085,67.76,82.37
HUANCAVELICA,2019,90000,9,371260,206,246,122,119,6,50,55.48672089640683,66.26084145881592,32.86106771534774,32.05300867316706,1.616118084361364,13.467650703011367,55.49,66.26
HUANCAVELICA,2020,90000,9,365317,62,161,39,98,1,27,16.971561684783353,44.07131340725999,10.675659769460495,26.82601685659304,0.27373486588360246,7.3908413788572656,16.97,44.07
HUANCAVELICA,2021,90000,9,358356,56,660,31,423,3,146,15.62691848329594,184.17439641027357,8.650615588967396,118.03904497203898,0.8371563473194253,40.7416089028787,15.63,184.17
HUANCAVELICA,2022,90000,9,350845,180,338,118,202,3,48,51.304707206886235,96.33883908848637,33.63308583562542,57.57528253217233,0.8550784534481038,13.681255255169662,51.3,96.34
HUANCAVELICA,2023,90000,9,343026,209,356,163,220,12,63,60.92832613271297,103.78222058969291,47.51826392168523,64.13508013969786,3.498277098528974,18.365954767277117,60.93,103.78
HUANUCO,2000,100000,10,708356,5738,0,1551,0,99,0,810.0446668059564,0.0,218.95769923597737,0.0,13.97602335548792,0.0,810.04,0.0
HUANUCO,2001,100000,10,716051,4107,0,888,0,51,0,573.5624976433244,0.0,124.013513003962,0.0,7.122397706308629,0.0,573.56,0.0
HUANUCO,2002,100000,10,723747,3374,0,723,0,32,0,466.18500663906036,0.0,99.89678713694148,0.0,4.421434562077632,0.0,466.19,0.0
HUANUCO,2003,100000,10,731442,2966,0,747,0,55,0,405.50036776668554,0.0,102.12703126153544,0.0,7.519393198640493,0.0,405.5,0.0
HUANUCO,2004,100000,10,739137,2860,0,871,0,46,0,386.93773955301924,0.0,117.84012977296497,0.0,6.2234741326709395,0.0,386.94,0.0
HUANUCO,2005,100000,10,746832,2843,0,870,0,32,0,380.6746363305268,0.0,116.49206247188123,0.0,4.284765516207125,0.0,380.67,0.0
HUANUCO,2006,100000,10,754528,2820,139,853,40,30,9,373.7435853937826,18.422112897069425,113.05080792230375,5.301327452394079,3.975995589295559,1.1927986767886678,373.74,18.42
HUANUCO,2007,100000,10,762223,2299,164,862,75,30,8,301.6177680285166,21.516013030307406,113.09026361051818,9.839640105323507,3.9358560421294033,1.0495616112345074,301.62,21.52
HUANUCO,2008,100000,10,761997,2337,250,884,35,29,12,306.69412084299546,32.80852811756477,116.010955423709,4.593193936459068,3.805789261637513,1.5748093496431088,306.69,32.81
HUANUCO,2009,100000,10,761771,1655,162,738,86,49,11,217.2568921631304,21.26623355312817,96.879508408695,11.289482009685326,6.4323792845881504,1.4440035128667277,217.26,21.27
HUANUCO,2010,100000,10,761545,1840,305,898,152,35,11,241.61408715177697,40.05016118548477,117.91817949037811,19.959424590798967,4.595920136039236,1.4444320427551884,241.61,40.05
HUANUCO,2011,100000,10,761319,1653,180,872,113,29,19,217.12317701252695,23.643177170148125,114.53805829093979,14.842661223481878,3.8091785440794204,2.495668701293413,217.12,23.64
HUANUCO,2012,100000,10,761092,1799,189,1004,137,25,15,236.37089865614146,24.832740325742485,131.9157210954786,18.00045198215196,3.2847540113415987,1.970852406804959,236.37,24.83
HUANUCO,2013,100000,10,760866,1440,177,675,110,22,18,189.25802966619617,23.262966146469942,88.71470140602943,14.457210599501096,2.891442119900219,2.365725370827452,189.26,23.26
HUANUCO,2014,100000,10,760640,1052,181,575,113,16,17,138.3045856121161,23.79575094657131,75.59423643247791,14.855910811947833,2.103491796381994,2.2349600336558684,138.3,23.8
HUANUCO,2015,100000,10,760414,1055,489,447,150,3,1,138.7402125684167,64.30707483028982,58.78376778965142,19.72609657370853,0.39452193147417064,0.13150731049139022,138.74,64.31
HUANUCO,2016,100000,10,760188,1209,611,386,217,10,13,159.03960599220193,80.37485464122034,50.77691307939615,28.545570306292657,1.315464069414408,1.7101032902387305,159.04,80.37
HUANUCO,2017,100000,10,759962,812,389,272,173,15,16,106.84744763553968,51.18676986480903,35.791263247372896,22.76429610954232,1.9737828996712992,2.1053684263160526,106.85,51.19
HUANUCO,2018,100000,10,757467,1172,385,321,197,18,15,154.7262124950658,50.827296766723826,42.37808379771,26.0077336702457,2.37634114753514,1.980284289612617,154.73,50.83
HUANUCO,2019,100000,10,759851,860,392,296,176,9,13,113.18008399015069,51.5890615396966,38.955005652423964,23.162435793333167,1.1844427394318096,1.710861734734836,113.18,51.59
HUANUCO,2020,100000,10,760267,243,571,105,376,6,22,31.962455295310725,75.10519330708817,13.810937473282412,49.456309428135114,0.7891964270447093,2.8937202324972673,31.96,75.11
HUANUCO,2021,100000,10,758416,279,606,91,262,8,64,36.78719858230839,79.90337756587414,11.998692010717074,34.54568469019641,1.0548300668762263,8.43864053500981,36.79,79.9
HUANUCO,2022,100000,10,755213,614,845,192,292,6,11,81.30156657790583,111.88896377578247,25.423291177455898,38.66458866571418,0.7944778492954968,1.4565427237084108,81.3,111.89
HUANUCO,2023,100000,10,751097,1038,915,318,173,13,30,138.19786259298067,121.8218152915003,42.338073511144366,23.03297709883011,1.7308017473109332,3.9941578784098457,138.2,121.82
ICA,2000,110000,11,638809,1821,0,531,0,7,0,285.06173206701845,0.0,83.12343752201362,0.0,1.0957891952054528,0.0,285.06,0.0
ICA,2001,110000,11,649255,1572,0,579,0,8,0,242.12366481582737,0.0,89.17913608674557,0.0,1.2321815003349994,0.0,242.12,0.0
ICA,2002,110000,11,659701,1115,0,500,0,5,0,169.01596329246127,0.0,75.79191179034139,0.0,0.7579191179034138,0.0,169.02,0.0
ICA,2003,110000,11,670147,1163,0,496,0,3,0,173.54401347764,0.0,74.01361193887311,0.0,0.44766297543673256,0.0,173.54,0.0
ICA,2004,110000,11,680594,885,0,472,0,5,0,130.0334707623047,0.0,69.35118440656251,0.0,0.7346523771881621,0.0,130.03,0.0
ICA,2005,110000,11,691040,860,0,473,0,4,0,124.4501041907849,0.0,68.4475573049317,0.0,0.5788376939106274,0.0,124.45,0.0
ICA,2006,110000,11,701486,785,0,396,0,3,0,111.90529818128944,0.0,56.45158991056129,0.0,0.4276635599284947,0.0,111.91,0.0
ICA,2007,110000,11,711932,718,94,405,48,1,1,100.85232859318025,13.20350820022137,56.88745554350696,6.7422169533045295,0.14046285319384436,0.14046285319384436,100.85,13.2
ICA,2008,110000,11,730068,854,220,496,175,1,8,116.97540503076426,30.134179281929903,67.93887692653287,23.97036988335333,0.13697354219059046,1.0957883375247237,116.98,30.13
ICA,2009,110000,11,748204,508,179,237,149,0,3,67.89592143319202,23.923956567994825,31.675853109579737,19.91435490855435,0.0,0.4009601659440473,67.9,23.92
ICA,2010,110000,11,766340,630,160,318,135,0,5,82.20894120103348,20.87846125740533,41.49594174909309,17.616201685935746,0.0,0.6524519142939166,82.21,20.88
ICA,2011,110000,11,784476,608,112,315,82,2,13,77.50396442975948,14.277046079166219,40.154192097655,10.452837307960984,0.2549472514136825,1.6571571341889362,77.5,14.28
ICA,2012,110000,11,802612,546,93,305,79,3,23,68.0278889426024,11.587167896816892,38.000926973431746,9.84286305213478,0.3737796095747385,2.8656436734063284,68.03,11.59
ICA,2013,110000,11,820748,553,159,266,129,8,52,67.37756290603205,19.372572336454063,32.409460638344534,15.71737000882122,0.9747206207020912,6.3356840345635925,67.38,19.37
ICA,2014,110000,11,838884,519,175,256,123,2,5,61.867910223582754,20.861048726641584,30.51673413725855,14.662337105010945,0.23841198544733241,0.596029963618331,61.87,20.86
ICA,2015,110000,11,857020,395,169,208,133,0,2,46.089939558003316,19.71949312734825,24.27014538750554,15.518891041049217,0.0,0.23336678257216867,46.09,19.72
ICA,2016,110000,11,875156,351,155,118,128,2,56,40.1071351850413,17.711128073166382,13.483310404087957,14.625963828163206,0.2285306848150501,6.3988591748214025,40.11,17.71
ICA,2017,110000,11,893292,328,129,85,103,2,72,36.718116808389645,14.440966671592268,9.515365636320487,11.530384241658943,0.22389095614871732,8.060074421353825,36.72,14.44
ICA,2018,110000,11,923175,354,371,114,160,2,93,38.34592574538955,40.18739675576137,12.348687951905111,17.33149186232296,0.21664364827903704,10.073929644975221,38.35,40.19
ICA,2019,110000,11,950100,294,210,85,190,2,100,30.944111146195137,22.102936532996527,8.946426691927167,19.99789495842543,0.2105041574571098,10.52520787285549,30.94,22.1
ICA,2020,110000,11,975182,110,569,37,500,0,81,11.27994569218874,58.34808271686722,3.79416355100894,51.27248041903973,0.0,8.306141827884437,11.28,58.35
ICA,2021,110000,11,998144,110,1301,64,1220,2,362,11.020453962554502,130.3419145934855,6.411900487304436,122.22685303924082,0.20037189022826363,36.26731213131572,11.02,130.34
ICA,2022,110000,11,1020050,90,343,64,304,3,189,8.823096907014362,33.62580265673252,6.274202244987991,29.80246066369296,0.2941032302338121,18.52850350473016,8.82,33.63
ICA,2023,110000,11,1041312,271,566,178,337,8,152,26.02486094465444,54.3545066224148,17.093820103868968,32.36301896069574,0.7682615777019759,14.596969976337544,26.02,54.35
JUNIN,2000,120000,12,1130658,4423,0,868,0,48,0,391.1881400034316,0.0,76.76945636965378,0.0,4.245315559612191,0.0,391.19,0.0
JUNIN,2001,120000,12,1144203,3253,0,1664,0,29,0,284.3026980352263,0.0,145.42873948066907,0.0,2.53451529142993,0.0,284.3,0.0
JUNIN,2002,120000,12,1157748,2832,0,675,0,16,0,244.61281729702836,0.0,58.30284310575359,0.0,1.3819933180623072,0.0,244.61,0.0
JUNIN,2003,120000,12,1171293,2057,0,633,0,24,0,175.61788553333793,0.0,54.042839835976146,0.0,2.0490176241128393,0.0,175.62,0.0
JUNIN,2004,120000,12,1184838,1869,0,594,0,27,0,157.7430838646296,0.0,50.133435963397524,0.0,2.2787925437907965,0.0,157.74,0.0
JUNIN,2005,120000,12,1198384,1810,0,601,0,32,0,151.03672946234263,0.0,50.15086983804857,0.0,2.6702626203287094,0.0,151.04,0.0
JUNIN,2006,120000,12,1211929,1632,115,655,46,35,4,134.66135392419852,9.489004718923304,54.04607035560664,3.795601887569321,2.887957957933179,0.33005233804950623,134.66,9.49
JUNIN,2007,120000,12,1225474,1449,304,567,130,34,20,118.2399626593465,24.806727845715205,46.267811475396456,10.608140197180846,2.7744366669549905,1.6320215687970532,118.24,24.81
JUNIN,2008,120000,12,1234616,1624,254,712,116,29,13,131.53887524542046,20.57319846818768,57.66975318641585,9.39563394610146,2.348908486525365,1.052958976718267,131.54,20.57
JUNIN,2009,120000,12,1243758,1137,224,372,118,34,21,91.41649742152413,18.009934408462094,29.909355356910268,9.487376161600569,2.7336507584272827,1.6884313507933215,91.42,18.01
JUNIN,2010,120000,12,1252900,1040,338,370,240,21,27,83.00742277915236,26.977412403224523,29.53148695027536,19.155559102881316,1.676111421502115,2.1550003990741478,83.01,26.98
JUNIN,2011,120000,12,1262042,840,260,321,197,19,8,66.55879915248462,20.601533071007147,25.434969676128052,15.609623134570798,1.505496647496676,0.6338933252617583,66.56,20.6
JUNIN,2012,120000,12,1271184,876,350,341,290,33,20,68.91213231129404,27.533386197434833,26.82538483807222,22.813377135017433,2.59600498432957,1.5733363541391334,68.91,27.53
JUNIN,2013,120000,12,1280326,1008,433,507,354,39,21,78.72994846625,33.81951159314112,39.599289555941226,27.649208092313987,3.0460991966108635,1.6402072597135415,78.73,33.82
JUNIN,2014,120000,12,1289468,1351,709,409,403,23,24,104.77189042302716,54.983915847465774,31.7185071672969,31.253198993693523,1.7836813321462803,1.86123269441351,104.77,54.98
JUNIN,2015,120000,12,1298610,664,605,287,382,15,0,51.131594551096946,46.588275155743446,22.100553668922924,29.416067949576853,1.1550812022085153,0.0,51.13,46.59
JUNIN,2016,120000,12,1307752,385,485,218,411,11,19,29.439832628816475,37.08654240253504,16.66982730670647,31.427977169983297,0.841138075109042,1.4528748570065273,29.44,37.09
JUNIN,2017,120000,12,1316894,495,438,328,291,18,11,37.58844675425661,33.26008015831191,24.907091990699328,22.097450516138732,1.366852609245695,0.8352988167612578,37.59,33.26
JUNIN,2018,120000,12,1335139,681,572,523,476,23,27,51.005925225763015,42.84198124689639,39.17195138483708,35.65171866000469,1.7226670781094702,2.0222613525632913,51.01,42.84
JUNIN,2019,120000,12,1350021,527,497,338,291,16,19,39.036429803684534,36.814242148825834,25.036647578074714,21.555220252129413,1.1851667492579745,1.4073855147438448,39.04,36.81
JUNIN,2020,120000,12,1361467,131,445,73,187,2,6,9.62197394428216,32.68533133744704,5.361863342996929,13.735184180005831,0.1469003655615597,0.4407010966846791,9.62,32.69
JUNIN,2021,120000,12,1369003,167,806,56,409,4,43,12.198658439755063,58.87496229007533,4.090568099558584,29.8757562985618,0.292183435682756,3.1409719335896273,12.2,58.87
JUNIN,2022,120000,12,1374221,433,614,233,406,13,127,31.508760235799045,44.67985862535939,16.95506035783182,29.54401075227347,0.9459904920678698,9.24159942250919,31.51,44.68
JUNIN,2023,120000,12,1377838,677,834,401,482,23,55,49.13494910141831,60.52961233468666,29.103566602169487,34.982341900862075,1.6692818749374019,3.991761005285092,49.13,60.53
LA LIBERTAD,2000,130000,13,1443656,3047,0,549,0,36,0,211.06136087821474,0.0,38.02844999085655,0.0,2.4936688518594456,0.0,211.06,0.0
LA LIBERTAD,2001,130000,13,1468426,2895,0,502,0,26,0,197.14987340186022,0.0,34.18626474878543,0.0,1.7706033535227514,0.0,197.15,0.0
LA LIBERTAD,2002,130000,13,1493197,2545,0,622,0,29,0,170.4396673714185,0.0,41.65558864637419,0.0,1.9421415928373817,0.0,170.44,0.0
LA LIBERTAD,2003,130000,13,1517967,2420,0,636,0,18,0,159.42375558888963,0.0,41.89814403079909,0.0,1.185796529173559,0.0,159.42,0.0
LA LIBERTAD,2004,130000,13,1542738,2488,0,669,0,16,0,161.2717130193202,0.0,43.36445981106319,0.0,1.0371171255261749,0.0,161.27,0.0
LA LIBERTAD,2005,130000,13,1567509,2014,0,556,0,6,0,128.48411077703543,0.0,35.47029076069101,0.0,0.3827729218779605,0.0,128.48,0.0
LA LIBERTAD,2006,130000,13,1592279,2250,260,803,81,11,2,141.3068940807484,16.328796649330926,50.43086042081821,5.087048186906943,0.6908337043947701,0.12560612807177637,141.31,16.33
LA LIBERTAD,2007,130000,13,1617050,1605,689,688,191,5,6,99.25481586840233,42.60845366562568,42.54661265885409,11.811632293373735,0.30920503385795123,0.37104604062954144,99.25,42.61
LA LIBERTAD,2008,130000,13,1644242,1557,613,631,248,5,15,94.6940900427066,37.28161669632572,38.37634606098129,15.082937913032268,0.30409149018210213,0.9122744705463064,94.69,37.28
LA LIBERTAD,2009,130000,13,1671434,1198,544,508,252,11,13,71.67498088467747,32.546902839118985,30.393063680647874,15.076874109297764,0.65811752064395,0.7777752516701228,71.67,32.55
LA LIBERTAD,2010,130000,13,1698627,1132,567,543,212,44,34,66.64205855670492,33.37990035481598,31.96699451969149,12.480668210266291,2.5903273643948905,2.0016165997596884,66.64,33.38
LA LIBERTAD,2011,130000,13,1725819,919,487,498,186,17,44,53.250080106894174,28.218486411379175,28.855864954552015,10.777491730013402,0.985039566721655,2.5495141726913424,53.25,28.22
LA LIBERTAD,2012,130000,13,1753011,1054,888,456,348,14,197,60.12512186175671,50.65570039206827,26.012386687818843,19.851558261756487,0.7986259070821574,11.23780740679893,60.13,50.66
LA LIBERTAD,2013,130000,13,1780203,1107,984,378,380,9,137,62.18391947435208,55.274595088312964,21.23353347904705,21.34588021703143,0.5055603209296917,7.695751551929751,62.18,55.27
LA LIBERTAD,2014,130000,13,1807395,790,798,273,349,8,82,43.709316447151835,44.15194243649009,15.10461188616766,19.309558784881002,0.4426259893382465,4.5369163907170265,43.71,44.15
LA LIBERTAD,2015,130000,13,1834588,516,759,200,283,18,0,28.12620599284417,41.371686722032415,10.901630229784562,15.425806775145155,0.9811467206806105,0.0,28.13,41.37
LA LIBERTAD,2016,130000,13,1861780,585,944,170,341,17,132,31.42154282460871,50.70416483150533,9.131046632792275,18.31580530460097,0.9131046632792275,7.089989150168119,31.42,50.7
LA LIBERTAD,2017,130000,13,1888972,638,984,162,385,15,256,33.77498448891778,52.09182560673213,8.576093240132728,20.381456157105557,0.794082707419697,13.552344873296162,33.77,52.09
LA LIBERTAD,2018,130000,13,1938501,868,1070,387,381,10,64,44.77686624871485,55.19728903931439,19.963879306742683,19.654361798111015,0.5158625143861159,3.301520092071142,44.78,55.2
LA LIBERTAD,2019,130000,13,1979901,729,970,411,539,15,85,36.82002281932278,48.992348607329355,20.758613688260173,27.223583401392293,0.7576136382576705,4.293143950126799,36.82,48.99
LA LIBERTAD,2020,130000,13,2016771,243,1207,142,1038,3,656,12.048963417264527,59.848143393573196,7.0409580463027295,51.46841163424107,0.14875263478104356,32.52724280545486,12.05,59.85
LA LIBERTAD,2021,130000,13,2048492,134,1123,79,908,3,491,6.54139728151245,54.82081453088418,3.8564954122349513,44.32528904189033,0.1464491928696817,23.96885123300457,6.54,54.82
LA LIBERTAD,2022,130000,13,2077345,454,631,286,382,16,18,21.854819493151115,30.37531079334439,13.767573513306647,18.388856930360628,0.77021390284233,0.8664906406976213,21.85,30.38
LA LIBERTAD,2023,130000,13,2104254,547,771,314,469,19,145,25.99496068440407,36.640063414397694,14.922152934008917,22.288183840924148,0.9029328208476733,6.890803106469086,25.99,36.64
LAMBAYEQUE,2000,140000,14,1016832,2777,0,90,0,4,0,273.1031281470292,0.0,8.851019637462235,0.0,0.39337865055387716,0.0,273.1,0.0
LAMBAYEQUE,2001,140000,14,1030551,1562,0,53,0,3,0,151.56940316393852,0.0,5.142879876881397,0.0,0.2911064081253621,0.0,151.57,0.0
LAMBAYEQUE,2002,140000,14,1044270,1666,0,144,0,2,0,159.5372844187806,0.0,13.789537188658107,0.0,0.1915213498424737,0.0,159.54,0.0
LAMBAYEQUE,2003,140000,14,1057990,1302,0,99,0,0,0,123.06354502405505,0.0,9.357366326713864,0.0,0.0,0.0,123.06,0.0
LAMBAYEQUE,2004,140000,14,1071710,808,0,27,0,2,0,75.3935299661289,0.0,2.5193382538186637,0.0,0.18661764843101214,0.0,75.39,0.0
LAMBAYEQUE,2005,140000,14,1085429,1016,0,9,0,2,0,93.60354293095173,0.0,0.8291652424985881,0.0,0.18425894277746402,0.0,93.6,0.0
LAMBAYEQUE,2006,140000,14,1099148,1172,4,7,1,0,0,106.62804281134115,0.36391823485099367,0.6368569109892389,0.09097955871274842,0.0,0.0,106.63,0.36
LAMBAYEQUE,2007,140000,14,1112868,837,34,16,4,3,0,75.21107624623944,3.0551691665139082,1.4377266665947803,0.3594316666486951,0.26957374998652134,0.0,75.21,3.06
LAMBAYEQUE,2008,140000,14,1126063,823,10,19,0,1,0,73.08649693667229,0.8880497805184967,1.6872945829851438,0.0,0.08880497805184968,0.0,73.09,0.89
LAMBAYEQUE,2009,140000,14,1139259,893,13,17,4,11,0,78.38428311735962,1.1410925873747761,1.4921979988747072,0.3511054114999311,0.9655398816248106,0.0,78.38,1.14
LAMBAYEQUE,2010,140000,14,1152454,702,39,28,4,3,0,60.91349416115524,3.384083008953069,2.429598057709896,0.34708543681569937,0.26031407761177455,0.0,60.91,3.38
LAMBAYEQUE,2011,140000,14,1165649,608,27,21,5,5,0,52.15978394868438,2.3163061950896022,1.801571485069691,0.4289455916832597,0.4289455916832597,0.0,52.16,2.32
LAMBAYEQUE,2012,140000,14,1178844,687,34,20,9,3,1,58.27743111047772,2.8841814523380536,1.6965773249047371,0.7634597962071318,0.25448659873571056,0.08482886624523686,58.28,2.88
LAMBAYEQUE,2013,140000,14,1192040,901,185,190,88,3,2,75.5847119224187,15.519613435790745,15.939062447568874,7.382302607295058,0.25166940706687696,0.1677796047112513,75.58,15.52
LAMBAYEQUE,2014,140000,14,1205235,587,130,133,73,1,0,48.70419461764718,10.786278194708915,11.035192306894507,6.056910063182699,0.08297137072853011,0.0,48.7,10.79
LAMBAYEQUE,2015,140000,14,1218430,593,54,114,48,1,0,48.669189038352634,4.431932897253022,9.356302783089715,3.939495908669353,0.08207283143061152,0.0,48.67,4.43
LAMBAYEQUE,2016,140000,14,1231626,375,78,76,47,3,0,30.447554695987254,6.333091376765349,6.17070441838675,3.8160935218970695,0.24358043756789802,0.0,30.45,6.33
LAMBAYEQUE,2017,140000,14,1244821,326,132,41,29,6,4,26.188504210645547,10.603934220261387,3.293646235081188,2.329652215057426,0.4819970100118812,0.32133134000792085,26.19,10.6
LAMBAYEQUE,2018,140000,14,1270295,406,175,90,46,0,4,31.96107990663586,13.776327545963733,7.08496845220992,3.6212060977961813,0.0,0.3148874867648853,31.96,13.78
LAMBAYEQUE,2019,140000,14,1292105,687,651,10,27,0,2,53.16905359858525,50.382902318310045,0.7739309111875583,2.0896134602064076,0.0,0.15478618223751167,53.17,50.38
LAMBAYEQUE,2020,140000,14,1310785,242,540,23,296,0,5,18.46221920452248,41.19668748116587,1.7546737260496574,22.581887952639068,0.0,0.38145081001079506,18.46,41.2
LAMBAYEQUE,2021,140000,14,1325912,293,614,71,501,0,65,22.097997453828008,46.307748930547426,5.354804843760371,37.785313052449936,0.0,4.902286124569353,22.1,46.31
LAMBAYEQUE,2022,140000,14,1338994,360,241,91,68,2,2,26.88585609793621,17.998586998896187,6.796146958089432,5.078439485165729,0.14936586721075673,0.14936586721075673,26.89,18.0
LAMBAYEQUE,2023,140000,14,1350663,562,582,69,51,0,3,41.60919489169393,43.089949158302254,5.108602219798721,3.7759233798512284,0.0,0.22211313999124874,41.61,43.09
LIMA,2000,150000,15,7415760,6079,0,2023,0,63,0,81.97406604312977,0.0,27.279739365891025,0.0,0.849542056377229,0.0,81.97,0.0
LIMA,2001,150000,15,7562824,7172,0,2378,0,96,0,94.83230073845431,0.0,31.44328097546631,0.0,1.269367104139935,0.0,94.83,0.0
LIMA,2002,150000,15,7709888,5636,0,2951,0,73,0,73.10093220550026,0.0,38.275523587372476,0.0,0.9468360629882042,0.0,73.1,0.0
LIMA,2003,150000,15,7856953,7779,0,3369,0,53,0,99.00784693506503,0.0,42.87921793601158,0.0,0.674561754410393,0.0,99.01,0.0
LIMA,2004,150000,15,8004018,8886,0,3817,0,60,0,111.01924058641546,0.0,47.688548426552764,0.0,0.7496235015963232,0.0,111.02,0.0
LIMA,2005,150000,15,8151082,8613,0,3301,0,85,0,105.66695317259722,0.0,40.49769098139364,0.0,1.0428063415384607,0.0,105.67,0.0
LIMA,2006,150000,15,8298146,11147,415,3488,134,68,19,134.33121085119495,5.001117117004208,42.03348555207392,1.6148185389844913,0.8194601541115328,0.2289668077664577,134.33,5.0
LIMA,2007,150000,15,8445211,11239,749,4211,264,56,54,133.08134041884804,8.868931753155723,49.862578921947595,3.126032019803886,0.6630977011705214,0.6394156404144313,133.08,8.87
LIMA,2008,150000,15,8614191,10161,850,3920,260,28,40,117.95652081547762,9.867438509315615,45.50630465472614,3.0182753087318357,0.32504503324804385,0.46435004749720543,117.96,9.87
LIMA,2009,150000,15,8783171,8920,880,3692,317,26,66,101.55785421916528,10.019160505926617,42.03493248622849,3.6091748640667474,0.29602065131146826,0.7514370379444963,101.56,10.02
LIMA,2010,150000,15,8952150,7858,1130,3290,538,15,69,87.77779639527935,12.622666063459617,36.75094809626738,6.009729506319712,0.16755751411672057,0.7707645649369146,87.78,12.62
LIMA,2011,150000,15,9121130,7462,1500,3268,905,15,141,81.81003888772554,16.445330786865224,35.82889400765037,9.922016241408684,0.16445330786865223,1.5458610939653312,81.81,16.45
LIMA,2012,150000,15,9290110,8150,1876,3568,1030,26,203,87.72770182484385,20.193517622503933,38.4064343694531,11.087059249029345,0.2798675150240417,2.1851194442261717,87.73,20.19
LIMA,2013,150000,15,9459090,7783,1870,3281,786,29,247,82.28064221822606,19.769343562647148,34.68621188718999,8.309467401198212,0.306583402843191,2.6112448449057997,82.28,19.77
LIMA,2014,150000,15,9628070,7589,2018,3291,846,18,276,78.82161222342587,20.95954848687224,34.18130528756023,8.786807740284397,0.18695335617626377,2.8666181280360448,78.82,20.96
LIMA,2015,150000,15,9797049,8099,2906,2956,1026,15,20,82.66775025826654,29.66199311649865,30.172350878310397,10.472541272377018,0.15310732854352366,0.2041431047246982,82.67,29.66
LIMA,2016,150000,15,9966029,10415,4346,3472,1640,38,572,104.50501398300166,43.60814121652667,34.8383493565993,16.45590234585912,0.3812952982577113,5.7394976474581805,104.51,43.61
LIMA,2017,150000,15,10135009,10813,5236,3346,1802,21,598,106.68959445423285,51.662509623819766,33.014277540355415,17.779954610795116,0.2072025787051595,5.90034009836597,106.69,51.66
LIMA,2018,150000,15,10180641,9759,5936,3247,1913,30,427,95.85840420067852,58.30674119635493,31.893866014919887,18.79056534848837,0.29467692653144334,4.1942349209642105,95.86,58.31
LIMA,2019,150000,15,10416139,9293,6255,3538,1822,16,452,89.21731939253115,60.05104194558079,33.966520608067924,17.492086079112426,0.1536077811557622,4.339419817650283,89.22,60.05
LIMA,2020,150000,15,10628470,2392,6327,853,2230,5,796,22.505591115184032,59.5287938903718,8.025614222931429,20.9813830212627,0.047043459688929826,7.489318782477628,22.51,59.53
LIMA,2021,150000,15,10814450,3240,10372,831,3080,10,1598,29.959914743699404,95.90871472890439,7.684163318522903,28.48041278104758,0.09246887266573889,14.776525851985078,29.96,95.91
LIMA,2022,150000,15,10986006,6649,7968,1649,2052,15,692,60.522450106071304,72.52863324487534,15.010004545783064,18.678307657942295,0.13653733668086473,6.298922465543893,60.52,72.53
LIMA,2023,150000,15,11147924,10732,12042,3284,2077,10,724,96.26904525003938,108.020112085443,29.458399608752263,18.631271616132295,0.0897028002702566,6.494482739566578,96.27,108.02
LORETO,2000,160000,16,789507,4757,0,1105,0,40,0,602.5279066556724,0.0,139.96076032258105,0.0,5.0664528623558756,0.0,602.53,0.0
LORETO,2001,160000,16,804111,3608,0,894,0,45,0,448.6942723081764,0.0,111.17868055529647,0.0,5.59624230983036,0.0,448.69,0.0
LORETO,2002,160000,16,818714,4183,0,876,0,37,0,510.9232283801181,0.0,106.99707101625232,0.0,4.519282679910201,0.0,510.92,0.0
LORETO,2003,160000,16,833318,4517,0,858,0,41,0,542.0499737195165,0.0,102.96189449885877,0.0,4.920090529665746,0.0,542.05,0.0
LORETO,2004,160000,16,847921,3556,0,599,0,21,0,419.3786921187233,0.0,70.64337361617415,0.0,2.4766458195987595,0.0,419.38,0.0
LORETO,2005,160000,16,862525,4354,0,988,0,35,0,504.79696240688673,0.0,114.54740442306021,0.0,4.057853395553752,0.0,504.8,0.0
LORETO,2006,160000,16,877128,4400,248,984,39,24,1,501.6371612809077,28.274094544923887,112.18431061373028,4.446329384080773,2.7362026978958602,0.11400844574566082,501.64,28.27
LORETO,2007,160000,16,891732,4352,168,1220,58,8,1,488.0390072353577,18.839741088129617,136.81240552094127,6.504196328044749,0.8971305280061722,0.11214131600077153,488.04,18.84
LORETO,2008,160000,16,900748,3147,349,1069,124,24,4,349.3762961449817,38.745575899141606,118.67914222401826,13.766336422617645,2.664452210829222,0.444075368471537,349.38,38.75
LORETO,2009,160000,16,909765,4276,383,1460,232,31,12,470.011486482773,42.098783751848,160.48100333602633,25.5010909410672,3.407473358504669,1.3190219452276137,470.01,42.1
LORETO,2010,160000,16,918782,3594,188,1330,104,47,1,391.1700490431898,20.461872348391676,144.75686289021772,11.31933363953582,5.115468087097919,0.10883974653399828,391.17,20.46
LORETO,2011,160000,16,927798,3717,235,1193,101,60,7,400.62599833153337,25.32878924076146,128.58402367756776,10.885990269433648,6.46692491253484,0.7544745731290647,400.63,25.33
LORETO,2012,160000,16,936814,3278,281,985,181,68,14,349.9093736857049,29.99528188092834,105.14360374631462,19.32080434323142,7.2586447256339035,1.4944268552775684,349.91,30.0
LORETO,2013,160000,16,945831,2667,272,909,221,63,12,281.9742639012678,28.757780195404887,96.10596396184943,23.36569640876647,6.660809383494514,1.268725596856098,281.97,28.76
LORETO,2014,160000,16,954848,2203,332,736,246,27,9,230.71734977713731,34.7699319682295,77.0803311102919,25.763262843929088,2.8276751901873385,0.9425583967291129,230.72,34.77
LORETO,2015,160000,16,963864,2238,397,576,248,32,4,232.1904335051418,41.188383423387535,59.75946814073355,25.729771005038057,3.3199704522629747,0.41499630653287184,232.19,41.19
LORETO,2016,160000,16,972880,1789,479,418,223,29,5,183.88701587040538,49.235260258202445,42.96521667626018,22.921634733985695,2.9808403914151795,0.5139379985198586,183.89,49.24
LORETO,2017,160000,16,981897,1507,439,381,142,21,20,153.4784198342596,44.70937379378896,38.80244058185329,14.46180200163561,2.1387171974249846,2.036873521357128,153.48,44.71
LORETO,2018,160000,16,1000350,2270,481,609,169,37,9,226.92057779777076,48.083170890188434,60.87869245763982,16.894087069525668,3.6987054530914176,0.8996851102114259,226.92,48.08
LORETO,2019,160000,16,1015212,2019,506,452,215,19,15,198.87471779293386,49.84180644042821,44.52272037761571,21.1778426574942,1.8715302813599521,1.4775239063368044,198.87,49.84
LORETO,2020,160000,16,1027559,920,372,186,100,14,13,89.53257185232187,36.202300792460576,18.101150396230288,9.731801288295854,1.3624521803614196,1.265134167478461,89.53,36.2
LORETO,2021,160000,16,1037055,1013,641,181,70,14,25,97.6804508921899,61.8096436543867,17.45326911301715,6.749883082382323,1.3499766164764646,2.4106725294222584,97.68,61.81
LORETO,2022,160000,16,1044884,2079,1011,440,251,37,92,198.96945498256267,96.75715199007736,42.10993756244712,24.021805291305064,3.5410629313875988,8.80480512669349,198.97,96.76
LORETO,2023,160000,16,1051560,3143,1948,701,204,37,38,298.8892692761231,185.2485830575526,66.66286279432462,19.399748944425426,3.518581916390886,3.613678724941991,298.89,185.25
MADRE DE DIOS,2000,170000,17,88282,449,0,92,0,5,0,508.5974490836184,0.0,104.21150404385945,0.0,5.663668698035839,0.0,508.6,0.0
MADRE DE DIOS,2001,170000,17,91321,384,0,106,0,6,0,420.49473834057886,0.0,116.07406839609729,0.0,6.570230286571545,0.0,420.49,0.0
MADRE DE DIOS,2002,170000,17,94360,244,0,63,0,3,0,258.5841458245019,0.0,66.76557863501483,0.0,3.17931326833404,0.0,258.58,0.0
MADRE DE DIOS,2003,170000,17,97399,191,0,51,0,1,0,196.10057598127293,0.0,52.36193390075873,0.0,1.0267045862893869,0.0,196.1,0.0
MADRE DE DIOS,2004,170000,17,100438,214,0,36,0,11,0,213.06676755809553,0.0,35.84300762659551,0.0,10.952030108126406,0.0,213.07,0.0
MADRE DE DIOS,2005,170000,17,103477,241,0,23,0,2,0,232.90199754534825,0.0,22.22716159146477,0.0,1.9327966601273712,0.0,232.9,0.0
MADRE DE DIOS,2006,170000,17,106516,237,29,28,15,4,1,222.50178376957453,27.2259566637876,26.287130571932856,14.082391377821173,3.755304367418979,0.9388260918547447,222.5,27.23
MADRE DE DIOS,2007,170000,17,109555,330,24,48,19,0,0,301.21856601706907,21.906804801241385,43.81360960248277,17.342887134316097,0.0,0.0,301.22,21.91
MADRE DE DIOS,2008,170000,17,114720,220,35,58,5,2,1,191.77126917712692,30.509065550906552,50.55788005578801,4.358437935843793,1.7433751743375174,0.8716875871687587,191.77,30.51
MADRE DE DIOS,2009,170000,17,119885,250,22,29,14,0,0,208.5331776285607,18.350919631313342,24.189848604913042,11.6778579471994,0.0,0.0,208.53,18.35
MADRE DE DIOS,2010,170000,17,125050,250,11,65,10,0,0,199.9200319872051,8.796481407437025,51.97920831667333,7.996801279488205,0.0,0.0,199.92,8.8
MADRE DE DIOS,2011,170000,17,130215,249,10,42,6,1,2,191.22220942287754,7.6796068041316286,32.254348577352836,4.607764082478977,0.7679606804131628,1.5359213608263256,191.22,7.68
MADRE DE DIOS,2012,170000,17,135380,264,21,87,9,4,1,195.00664795390753,15.511892450879007,64.26355443935589,6.647953907519575,2.954646181119811,0.7386615452799528,195.01,15.51
MADRE DE DIOS,2013,170000,17,140544,161,37,46,15,0,0,114.55487249544628,26.32627504553734,32.72996357012751,10.672814207650273,0.0,0.0,114.55,26.33
MADRE DE DIOS,2014,170000,17,145709,123,41,26,24,2,1,84.41482681234515,28.13827560411505,17.843784529438814,16.471185719481984,1.3725988099568318,0.6862994049784159,84.41,28.14
MADRE DE DIOS,2015,170000,17,150874,136,45,45,27,1,0,90.14144252820233,29.82621260124342,29.82621260124342,17.895727560746053,0.6628047244720761,0.0,90.14,29.83
MADRE DE DIOS,2016,170000,17,156039,240,34,103,22,1,0,153.80770192067368,21.789424438762104,66.00913874095579,14.099039342728421,0.6408654246694737,0.0,153.81,21.79
MADRE DE DIOS,2017,170000,17,161204,271,43,128,26,2,3,168.10997245725912,26.674276072554033,79.4024962159748,16.128632043869878,1.2406640033746061,1.8609960050619092,168.11,26.67
MADRE DE DIOS,2018,170000,17,161324,285,89,141,43,1,3,176.66311274205944,55.16848082120453,87.40175051449258,26.654434554065112,0.6198705710247701,1.85961171307431,176.66,55.17
MADRE DE DIOS,2019,170000,17,167674,265,137,134,76,1,3,158.0447773656023,81.70616792108497,79.91698176222909,45.32604935768217,0.5963953862852917,1.789186158855875,158.04,81.71
MADRE DE DIOS,2020,170000,17,173811,57,22,34,15,1,1,32.794242021506115,12.657426745142711,19.561477697038736,8.630063689870031,0.5753375793246688,0.5753375793246688,32.79,12.66
MADRE DE DIOS,2021,170000,17,179688,173,111,58,92,1,18,96.2779929655848,61.77374115132898,32.27817105204577,51.199857530831224,0.5565201905525132,10.01736342994524,96.28,61.77
MADRE DE DIOS,2022,170000,17,185478,345,101,182,94,1,16,186.0058874906997,54.45389749727731,98.12484499509375,50.679864997466005,0.5391474999730427,8.626359999568683,186.01,54.45
MADRE DE DIOS,2023,170000,17,191259,232,176,80,82,1,6,121.30148123748424,92.02181335257426,41.828096978442844,42.87379940290391,0.5228512122305355,3.1371072733832137,121.3,92.02
MOQUEGUA,2000,180000,18,145140,298,0,86,0,3,0,205.3190023425658,0.0,59.25313490423039,0.0,2.0669698222405954,0.0,205.32,0.0
MOQUEGUA,2001,180000,18,147482,205,0,96,0,7,0,139.00001356097692,0.0,65.09268927733554,0.0,4.746341926472383,0.0,139.0,0.0
MOQUEGUA,2002,180000,18,149824,174,0,124,0,6,0,116.13626655275523,0.0,82.76377616403246,0.0,4.004698846646733,0.0,116.14,0.0
MOQUEGUA,2003,180000,18,152166,194,0,78,0,9,0,127.49234388759645,0.0,51.25980836717795,0.0,5.914593273135917,0.0,127.49,0.0
MOQUEGUA,2004,180000,18,154507,206,0,69,0,10,0,133.3272926145741,0.0,44.65817082721171,0.0,6.472198670610393,0.0,133.33,0.0
MOQUEGUA,2005,180000,18,156849,216,0,95,0,7,0,137.71206701987262,0.0,60.56780725411064,0.0,4.462891060829206,0.0,137.71,0.0
MOQUEGUA,2006,180000,18,159191,214,24,135,4,5,2,134.42971022231154,15.076229183810643,84.80378915893486,2.5127048639684406,3.1408810799605504,1.2563524319842203,134.43,15.08
MOQUEGUA,2007,180000,18,161533,176,70,77,38,2,4,108.9560647050448,43.33479846223372,47.6682783084571,23.52460487949831,1.2381370989209637,2.4762741978419274,108.96,43.33
MOQUEGUA,2008,180000,18,163581,150,72,93,32,0,6,91.6976910521393,44.01489170502687,56.852568452326366,19.56217409112305,0.0,3.667907642085572,91.7,44.01
MOQUEGUA,2009,180000,18,165630,212,70,146,49,1,10,127.9961359657067,42.26287508301636,88.14828231600556,29.584012558111453,0.6037553583288051,6.037553583288052,128.0,42.26
MOQUEGUA,2010,180000,18,167678,179,76,112,52,0,11,106.75222748362933,45.324968093607986,66.79468982215914,31.011820274573882,0.0,6.560192750390629,106.75,45.32
MOQUEGUA,2011,180000,18,169727,162,81,114,65,2,8,95.4473949342179,47.72369746710895,67.16668532407925,38.2967942637294,1.178362900422443,4.713451601689772,95.45,47.72
MOQUEGUA,2012,180000,18,171775,181,131,115,92,3,8,105.3703973220783,76.26255275796827,66.94804249745307,53.55843399796245,1.7464706738466016,4.657255130257605,105.37,76.26
MOQUEGUA,2013,180000,18,173823,220,93,133,76,0,4,126.56552930279652,53.5027010234549,76.51461544214517,43.722637395511526,0.0,2.301191441869028,126.57,53.5
MOQUEGUA,2014,180000,18,175872,104,107,70,66,0,6,59.133915574963616,60.83970160116448,39.801673944687046,37.527292576419214,0.0,3.4115720524017465,59.13,60.84
MOQUEGUA,2015,180000,18,177920,85,137,58,102,0,0,47.77428057553957,77.00089928057554,32.59892086330935,57.32913669064748,0.0,0.0,47.77,77.0
MOQUEGUA,2016,180000,18,179969,89,148,53,93,1,4,49.452961343342466,82.23638515522117,29.449516305585963,51.67556634753763,0.5556512510487918,2.222605004195167,49.45,82.24
MOQUEGUA,2017,180000,18,182017,106,222,60,134,3,20,58.23631858562661,121.96662949065197,32.96395391639243,73.61949707994307,1.6481976958196214,10.987984638797474,58.24,121.97
MOQUEGUA,2018,180000,18,186371,122,240,74,130,1,27,65.46082813313231,128.7753996061619,39.70574821189992,69.7533414533377,0.5365641650256746,14.487232455693213,65.46,128.78
MOQUEGUA,2019,180000,18,189781,146,257,92,181,0,33,76.93077810739747,135.41924639452841,48.47692867041484,95.373087927664,0.0,17.388463544822716,76.93,135.42
MOQUEGUA,2020,180000,18,192740,17,339,12,198,0,71,8.82017225277576,175.88461139358722,6.22600394313583,102.72906506174121,0.0,36.837189996887,8.82,175.88
MOQUEGUA,2021,180000,18,195185,5,440,3,363,1,85,2.5616722596511003,225.42715884929683,1.5370033557906604,185.97740605066988,0.51233445193022,43.5484284140687,2.56,225.43
MOQUEGUA,2022,180000,18,197337,50,405,28,132,0,30,25.337367042166445,205.23267304154822,14.188925543613209,66.89064899131941,0.0,15.202420225299868,25.34,205.23
MOQUEGUA,2023,180000,18,199286,134,222,90,123,0,8,67.2400469676746,111.39768975241614,45.16122557530383,61.72034161958191,0.0,4.0143311622492295,67.24,111.4
PASCO,2000,190000,19,253372,1161,0,230,0,20,0,458.2195349130922,0.0,90.77561845823533,0.0,7.89353203984655,0.0,458.22,0.0
PASCO,2001,190000,19,257240,982,0,182,0,12,0,381.7446742341782,0.0,70.75104960348314,0.0,4.664904369460427,0.0,381.74,0.0
PASCO,2002,190000,19,261108,908,0,197,0,13,0,347.7488242413101,0.0,75.44770746204635,0.0,4.978782725921841,0.0,347.75,0.0
PASCO,2003,190000,19,264976,761,0,268,0,14,0,287.195821508363,0.0,101.14123543264294,0.0,5.2834973733470205,0.0,287.2,0.0
PASCO,2004,190000,19,268845,901,0,428,0,12,0,335.13734679834107,0.0,159.19953876769142,0.0,4.46353847012219,0.0,335.14,0.0
PASCO,2005,190000,19,272713,741,0,356,0,11,0,271.7142197108315,0.0,130.54016493529826,0.0,4.033544422158093,0.0,271.71,0.0
PASCO,2006,190000,19,276581,935,30,468,2,10,0,338.05648254941593,10.846732060409067,169.20902014238143,0.7231154706939378,3.615577353469689,0.0,338.06,10.85
PASCO,2007,190000,19,280449,967,117,422,43,18,2,344.80422465403694,41.71881518564873,150.47299152430568,15.332556008400815,6.418279259330573,0.7131421399256193,344.8,41.72
PASCO,2008,190000,19,279618,917,116,432,36,11,1,327.9474139719188,41.48516905206389,154.49649164216896,12.874707636847415,3.933938444592265,0.3576307676902059,327.95,41.49
PASCO,2009,190000,19,278786,743,151,408,71,16,2,266.5126656288336,54.163408492535495,146.34881235069193,25.467562933576293,5.73916911179184,0.71739613897398,266.51,54.16
PASCO,2010,190000,19,277955,822,162,336,82,10,7,295.7313234156608,58.28281556367038,120.88287672464968,29.501178248277597,3.5977046644240973,2.518393265096868,295.73,58.28
PASCO,2011,190000,19,277124,681,143,328,80,7,2,245.73836982722534,51.60144917076832,118.35856872735671,28.867943592038223,2.5259450643033445,0.7216985898009556,245.74,51.6
PASCO,2012,190000,19,276292,640,125,288,83,12,11,231.63899063309833,45.24199035802702,104.23754578489425,30.040681597729936,4.3432310743705935,3.9812951515063775,231.64,45.24
PASCO,2013,190000,19,275461,506,177,233,111,13,12,183.69206530144012,64.2559200758002,84.58547670995168,40.29608547126453,4.71936136149945,4.356333564461031,183.69,64.26
PASCO,2014,190000,19,274630,344,109,122,78,7,2,125.2594399737829,39.68976441029749,44.4234060372137,28.401849761497285,2.548883952954885,0.72825255798711,125.26,39.69
PASCO,2015,190000,19,273799,369,132,194,91,12,0,134.7703972622252,48.210548614129344,70.85489720561434,33.23606002943765,4.3827771467390315,0.0,134.77,48.21
PASCO,2016,190000,19,272967,297,112,154,62,4,2,108.80436096671025,41.03060076859108,56.417076056812725,22.713368282612915,1.4653785988782526,0.7326892994391263,108.8,41.03
PASCO,2017,190000,19,272136,341,125,176,72,4,4,125.30499456154276,45.93291589499368,64.6735455801511,26.457359555516362,1.4698533086397978,1.4698533086397978,125.3,45.93
PASCO,2018,190000,19,271704,355,185,181,106,8,1,130.65689132291024,68.08880252038983,66.61661219562464,39.01304360627742,2.944380649530371,0.3680475811912964,130.66,68.09
PASCO,2019,190000,19,272157,330,144,151,107,6,1,121.25354115455418,52.91063614016909,55.48268095253842,39.3155421319312,2.2046098391737123,0.3674349731956187,121.25,52.91
PASCO,2020,190000,19,271904,100,268,45,144,3,1,36.77768624220313,98.56419912910438,16.54995880899141,52.959868188772504,1.103330587266094,0.36777686242203134,36.78,98.56
PASCO,2021,190000,19,270842,102,346,41,171,1,41,37.66033333087187,127.74975816158499,15.137977123193597,63.13644117234402,0.36921895422423406,15.137977123193597,37.66,127.75
PASCO,2022,190000,19,269296,170,179,80,68,5,8,63.1275622363496,66.46960964886222,29.70708811122334,25.25102489453984,1.8566930069514587,2.970708811122334,63.13,66.47
PASCO,2023,190000,19,267425,152,283,66,71,5,5,56.83836589698046,105.82406282135179,24.679816771057308,26.549499859773768,1.8696830887164626,1.8696830887164626,56.84,105.82
PIURA,2000,200000,20,1532290,5294,0,782,0,48,0,345.4959570316324,0.0,51.03472580255695,0.0,3.1325662896710154,0.0,345.5,0.0
PIURA,2001,200000,20,1552865,3790,0,695,0,31,0,244.06500243099046,0.0,44.75598329539271,0.0,1.9963100462693153,0.0,244.07,0.0
PIURA,2002,200000,20,1573440,5295,0,1032,0,57,0,336.5237949969494,0.0,65.58877364246491,0.0,3.6226357535082365,0.0,336.52,0.0
PIURA,2003,200000,20,1594015,3890,0,884,0,26,0,244.0378540979853,0.0,55.45744550709999,0.0,1.6311013384441175,0.0,244.04,0.0
PIURA,2004,200000,20,1614590,3619,0,939,0,54,0,224.1435906329161,0.0,58.15717922196966,0.0,3.3445023194742936,0.0,224.14,0.0
PIURA,2005,200000,20,1635165,3005,0,802,0,35,0,183.77350297982161,0.0,49.047038066494814,0.0,2.1404567734754596,0.0,183.77,0.0
PIURA,2006,200000,20,1655740,3101,28,916,18,18,2,187.28785920494764,1.691086764830227,55.322695592303134,1.0871272059622887,1.0871272059622887,0.12079191177358765,187.29,1.69
PIURA,2007,200000,20,1676315,2698,92,860,27,22,0,160.94827046229378,5.488228644377697,51.30300689309586,1.6106757978064983,1.312402501916406,0.0,160.95,5.49
PIURA,2008,200000,20,1701680,2538,168,712,27,15,0,149.14672558882987,9.872596492877626,41.84100418410041,1.58666729349819,0.8814818297212167,0.0,149.15,9.87
PIURA,2009,200000,20,1727046,2234,157,685,30,12,0,129.35382149635853,9.090666953862259,39.663101040736606,1.7370701185724062,0.6948280474289625,0.0,129.35,9.09
PIURA,2010,200000,20,1752412,2155,343,626,95,14,0,122.97336471103826,19.573022782313746,35.72219318288165,5.421099604430922,0.7988988890740306,0.0,122.97,19.57
PIURA,2011,200000,20,1777777,2188,478,645,106,11,1,123.07505384533606,26.887511763286398,36.28126587305382,5.962502608594892,0.6187502707032434,0.05625002460938577,123.08,26.89
PIURA,2012,200000,20,1803142,2149,668,709,186,6,4,119.18085209040663,37.04644448412826,39.32025320246547,10.315327356359067,0.3327524953664215,0.22183499691094768,119.18,37.05
PIURA,2013,200000,20,1828508,1950,732,580,178,9,13,106.64432422499655,40.032638632152555,31.71985028230667,9.73471267284584,0.49220457334613793,0.710962161499977,106.64,40.03
PIURA,2014,200000,20,1853874,1695,487,524,139,13,20,91.43016192038941,26.269314958837548,28.265135602527465,7.497812688456713,0.701234280215376,1.0788219695621168,91.43,26.27
PIURA,2015,200000,20,1879239,1706,651,475,138,6,0,90.78142801421214,34.64168208514191,25.276188925410764,7.343398045698286,0.3192781758999254,0.0,90.78,34.64
PIURA,2016,200000,20,1904604,1514,1281,399,224,8,66,79.4915898527988,67.25807569447507,20.949236691721744,11.760974984826243,0.42003482088665156,3.4652872723148747,79.49,67.26
PIURA,2017,200000,20,1929970,1360,1691,471,328,5,65,70.46741659196775,87.61794224780697,24.404524422659417,16.995082825121635,0.25907138452929324,3.3679279988808113,70.47,87.62
PIURA,2018,200000,20,1971744,1272,1659,417,222,11,57,64.51141730366619,84.13871171916841,21.148790106626418,11.259068114319101,0.5578817534122077,2.890841813135985,64.51,84.14
PIURA,2019,200000,20,2013517,1170,1944,374,318,11,64,58.10728193504202,96.54748383053135,18.574464481799755,15.793261243883215,0.5463077788764634,3.1785179861903328,58.11,96.55
PIURA,2020,200000,20,2047954,489,3528,119,2225,6,190,23.877489435797873,172.2694943343454,5.8106773882616505,108.64501839396783,0.2929753305005874,9.277552132518602,23.88,172.27
PIURA,2021,200000,20,2077039,714,4683,106,3226,2,1787,34.37585909556826,225.46519347975652,5.103418857325259,155.31725692199328,0.09629092183632565,86.03593866075697,34.38,225.47
PIURA,2022,200000,20,2103099,2111,1823,242,719,1,174,100.37568369344477,86.68160652446699,11.506828732266051,34.1876440433855,0.047548879058950624,8.273504956257408,100.38,86.68
PIURA,2023,200000,20,2127093,2375,2423,397,829,7,90,111.65473253872773,113.91133344898414,18.66397002857891,38.97337822088644,0.32908763274572383,4.231126706730735,111.65,113.91
PUNO,2000,210000,21,1174145,4180,0,951,0,64,0,356.0037303740168,0.0,80.99510707791627,0.0,5.450774819123702,0.0,356.0,0.0
PUNO,2001,210000,21,1187616,3162,0,628,0,47,0,266.2476760164902,0.0,52.8790450785439,0.0,3.9575081507827443,0.0,266.25,0.0
PUNO,2002,210000,21,1201087,2831,0,531,0,121,0,235.70315888857343,0.0,44.20995315077093,0.0,10.074207780119176,0.0,235.7,0.0
PUNO,2003,210000,21,1214558,2619,0,556,0,98,0,215.63400018772262,0.0,45.777970257492846,0.0,8.068778930277517,0.0,215.63,0.0
PUNO,2004,210000,21,1228028,1751,0,495,0,58,0,142.58632539323207,0.0,40.308527167133,0.0,4.723019344835786,0.0,142.59,0.0
PUNO,2005,210000,21,1241499,1877,0,554,0,93,0,151.18820071542547,0.0,44.62347533103128,0.0,7.490944414776009,0.0,151.19,0.0
PUNO,2006,210000,21,1254970,2024,1,604,1,80,0,161.27875566746616,0.07968317967760186,48.12864052527152,0.07968317967760186,6.374654374208148,0.0,161.28,0.08
PUNO,2007,210000,21,1268441,1948,320,666,86,63,45,153.57434835360888,25.227819031393658,52.50539835908805,6.779976364687045,4.966726871805626,3.5476620512897328,153.57,25.23
PUNO,2008,210000,21,1264290,1534,379,571,82,91,52,121.33292203529253,29.977299511979055,45.16368871065974,6.4858537202698745,7.197715713958031,4.112980407976019,121.33,29.98
PUNO,2009,210000,21,1260140,1664,336,592,93,91,38,132.04881997238402,26.663704032885235,46.9789071055597,7.38013236624502,7.221419842239752,3.0155379561001157,132.05,26.66
PUNO,2010,210000,21,1255990,1763,649,655,164,111,128,140.36735961273578,51.67238592663954,52.15009673643898,13.057428801184722,8.83764998128966,10.191163942388076,140.37,51.67
PUNO,2011,210000,21,1251839,1372,643,494,226,58,129,109.59875830677908,51.36443264669018,39.46194358859246,18.05343977939655,4.633183660199115,10.304839520098032,109.6,51.36
PUNO,2012,210000,21,1247688,1362,725,601,242,59,72,109.16190586108065,58.10747558684543,48.16909355544014,19.39587460967806,4.728746289136387,5.770673437590167,109.16,58.11
PUNO,2013,210000,21,1243538,1343,718,503,186,48,28,107.99830805331241,57.738484871391144,40.44910569681023,14.957323378939765,3.859954420371553,2.2516400785500723,108.0,57.74
PUNO,2014,210000,21,1239388,729,640,184,175,35,31,58.81935277733849,51.63838926954271,14.846036914993528,14.119872065890586,2.823974413178117,2.501234480243475,58.82,51.64
PUNO,2015,210000,21,1235237,820,665,218,235,29,40,66.38402185167705,53.83582259922589,17.648435077640972,19.024689189200128,2.347727602071505,3.2382449683744903,66.38,53.84
PUNO,2016,210000,21,1231086,952,803,194,278,21,47,77.33009716624184,65.22696221060104,15.758444170431636,22.58168803804121,1.7058109669023935,3.817767402114881,77.33,65.23
PUNO,2017,210000,21,1226936,872,876,205,286,35,33,71.07135172494735,71.39736709983244,16.70828796286033,23.31009930428319,2.8526345302444462,2.6896268428019066,71.07,71.4
PUNO,2018,210000,21,1236836,1363,1038,313,354,29,45,110.20054396864256,83.92381851757226,25.306507895953867,28.621417875935048,2.3446924248647356,3.638315831686659,110.2,83.92
PUNO,2019,210000,21,1239022,1023,912,277,351,9,36,82.56511990908959,73.60644120927635,22.35634234097538,28.32879480751754,0.7263793540389113,2.905517416155645,82.57,73.61
PUNO,2020,210000,21,1237997,201,582,62,265,6,25,16.235903641123524,47.01142248325319,5.0080896803465595,21.405544601481264,0.48465384003353806,2.0193910001397417,16.24,47.01
PUNO,2021,210000,21,1233277,223,473,67,205,5,37,18.0819069844001,38.35310315525223,5.43268057378837,16.622380860098744,0.40542392341704253,3.0001370332861153,18.08,38.35
PUNO,2022,210000,21,1226353,1097,561,271,282,16,23,89.45222134246828,45.745393047515684,22.098041917783867,22.995010408911625,1.304681441640376,1.8754795723580404,89.45,45.75
PUNO,2023,210000,21,1217951,1739,883,484,433,18,32,142.78078510547633,72.49881152854262,39.738872910322335,35.5515123350611,1.4778919677392603,2.6273634982031298,142.78,72.5
SAN MARTIN,2000,220000,22,640598,2401,0,598,0,20,0,374.80604060580896,0.0,93.35027583601573,0.0,3.1220828038801245,0.0,374.81,0.0
SAN MARTIN,2001,220000,22,653199,1456,0,332,0,10,0,222.9029744381115,0.0,50.82677713836059,0.0,1.5309270222397768,0.0,222.9,0.0
SAN MARTIN,2002,220000,22,665800,1354,0,313,0,12,0,203.36437368579152,0.0,47.01111444878342,0.0,1.8023430459597478,0.0,203.36,0.0
SAN MARTIN,2003,220000,22,678402,1289,0,300,0,11,0,190.00533606917432,0.0,44.22156774301962,0.0,1.6214574839107196,0.0,190.01,0.0
SAN MARTIN,2004,220000,22,691004,1016,0,313,0,10,0,147.03243396564997,0.0,45.296409282724845,0.0,1.4471696256461613,0.0,147.03,0.0
SAN MARTIN,2005,220000,22,703605,1040,0,306,0,3,0,147.81020601047462,0.0,43.49031061462042,0.0,0.42637559426098454,0.0,147.81,0.0
SAN MARTIN,2006,220000,22,716206,1159,2,374,2,4,1,161.8249498049444,0.27924926627255287,52.21961279296738,0.27924926627255287,0.5584985325451057,0.13962463313627643,161.82,0.28
SAN MARTIN,2007,220000,22,728808,1252,32,415,14,9,0,171.78735688960603,4.390731166507503,56.94229481564418,1.9209448853470323,1.234893140580235,0.0,171.79,4.39
SAN MARTIN,2008,220000,22,742173,1140,38,417,6,0,0,153.60300091757583,5.120100030585861,56.186360861955364,0.8084368469346095,0.0,0.0,153.6,5.12
SAN MARTIN,2009,220000,22,755538,1016,47,310,25,7,1,134.47371277156145,6.220732775849792,41.030365117307134,3.30890041268606,0.9264921155520965,0.1323560165074424,134.47,6.22
SAN MARTIN,2010,220000,22,768903,982,133,388,89,8,7,127.71441911398446,17.297370409531503,50.4615016458513,11.574932078558675,1.0404433329041505,0.9103879162911316,127.71,17.3
SAN MARTIN,2011,220000,22,782268,923,139,338,96,10,8,117.99025397945461,17.76884648227973,43.20769864036366,12.27200908128672,1.2783342793007,1.02266742344056,117.99,17.77
SAN MARTIN,2012,220000,22,795634,607,80,128,37,1,1,76.29136009773337,10.054874477460743,16.087799163937188,4.650379445825593,0.12568593096825928,0.12568593096825928,76.29,10.05
SAN MARTIN,2013,220000,22,808999,805,112,166,67,5,0,99.50568542111918,13.8442692759818,20.51918481975874,8.281839656167683,0.6180477355349018,0.0,99.51,13.84
SAN MARTIN,2014,220000,22,822364,879,106,142,55,3,1,106.88697462437558,12.889669294862129,17.267292828966248,6.688035954881293,0.3648019611753433,0.12160065372511442,106.89,12.89
SAN MARTIN,2015,220000,22,835729,537,121,129,64,6,0,64.25527892414885,14.478377560189966,15.435625663343021,7.657984825224444,0.7179360773647917,0.0,64.26,14.48
SAN MARTIN,2016,220000,22,849094,401,143,117,82,4,4,47.22680881033195,16.84148044857224,13.77939309428638,9.657352425055413,0.47109036219782496,0.47109036219782496,47.23,16.84
SAN MARTIN,2017,220000,22,862459,395,144,85,87,2,4,45.7992785744018,16.696445860035087,9.855540959048488,10.087436040437865,0.2318950813893762,0.4637901627787524,45.8,16.7
SAN MARTIN,2018,220000,22,866861,478,198,140,98,1,0,55.14148173697975,22.841032183937216,16.150224776521263,11.305157343564886,0.11535874840372332,0.0,55.14,22.84
SAN MARTIN,2019,220000,22,884283,430,235,148,140,3,3,48.626966706359845,26.575202734871077,16.73672342451455,15.832035671838087,0.33925790725367333,0.33925790725367333,48.63,26.58
SAN MARTIN,2020,220000,22,899648,186,495,86,384,6,125,20.674752792203172,55.02151952763748,9.55929430177136,42.683360603258166,0.6669275094259088,13.894323113039766,20.67,55.02
SAN MARTIN,2021,220000,22,912674,317,866,79,642,8,180,34.733102948040596,94.88601625553045,8.655883699984878,70.34275108088978,0.8765451848085953,19.722266658193394,34.73,94.89
SAN MARTIN,2022,220000,22,924384,871,749,324,499,18,99,94.2249108595562,81.0269325302039,35.05036867795202,53.981894970055734,1.9472427043306677,10.709834873818671,94.22,81.03
SAN MARTIN,2023,220000,22,935194,905,753,352,392,11,80,96.77136508574692,80.51805293874854,37.63924918252256,41.916436589627395,1.17622653695383,8.554374814209673,96.77,80.52
TACNA,2000,230000,23,253567,325,0,1,0,0,0,128.17125256835473,0.0,0.39437308482570677,0.0,0.0,0.0,128.17,0.0
TACNA,2001,230000,23,258598,258,0,0,0,8,0,99.76875304526718,0.0,0.0,0.0,3.0936047455896802,0.0,99.77,0.0
TACNA,2002,230000,23,263628,233,0,22,0,0,0,88.38211419120883,0.0,8.345092327066927,0.0,0.0,0.0,88.38,0.0
TACNA,2003,230000,23,268659,376,0,4,0,1,0,139.95436594344505,0.0,1.4888762334409047,0.0,0.3722190583602262,0.0,139.95,0.0
TACNA,2004,230000,23,273689,287,0,7,0,0,0,104.8635495032683,0.0,2.557647548860203,0.0,0.0,0.0,104.86,0.0
TACNA,2005,230000,23,278720,271,0,56,0,0,0,97.23019517795638,0.0,20.091848450057405,0.0,0.0,0.0,97.23,0.0
TACNA,2006,230000,23,283750,293,0,14,0,0,0,103.25991189427313,0.0,4.933920704845815,0.0,0.0,0.0,103.26,0.0
TACNA,2007,230000,23,288781,276,6,2,3,0,5,95.5741548093538,2.077699017594648,0.692566339198216,1.038849508797324,0.0,1.73141584799554,95.57,2.08
TACNA,2008,230000,23,294808,161,18,2,0,0,0,54.61181514748582,6.105668774253074,0.6784076415836748,0.0,0.0,0.0,54.61,6.11
TACNA,2009,230000,23,300836,162,62,5,24,0,1,53.849938172293214,20.609235596803572,1.6620351287744817,7.977768618117513,0.0,0.33240702575489633,53.85,20.61
TACNA,2010,230000,23,306864,202,90,41,66,0,5,65.82720684081548,29.328953542937587,13.360967725116012,21.507899264820896,0.0,1.6293863079409772,65.83,29.33
TACNA,2011,230000,23,312891,122,131,28,102,4,39,38.99121419280196,41.86761523981195,8.948803257364386,32.59921186611312,1.2784004653377694,12.46440453704325,38.99,41.87
TACNA,2012,230000,23,318918,104,74,44,66,3,47,32.61026345330148,23.20345668792605,13.796649922550623,20.694974883825935,0.9406806765375426,14.737330599088168,32.61,23.2
TACNA,2013,230000,23,324946,111,30,51,25,3,18,34.159521889790916,9.232303213457005,15.694915462876908,7.693586011214172,0.9232303213457005,5.539381928074203,34.16,9.23
TACNA,2014,230000,23,330974,87,54,47,39,3,13,26.286052680875233,16.315480974336353,14.200511218403863,11.783402925909588,0.906415609685353,3.927800975303196,26.29,16.32
TACNA,2015,230000,23,337001,70,35,35,24,0,0,20.771451716760485,10.385725858380242,10.385725858380242,7.121640588603595,0.0,0.0,20.77,10.39
TACNA,2016,230000,23,343028,55,47,10,10,1,2,16.033676551185327,13.70150541646746,2.915213918397332,2.915213918397332,0.2915213918397332,0.5830427836794664,16.03,13.7
TACNA,2017,230000,23,349056,47,45,15,37,4,3,13.464888155482216,12.89191419141914,4.297304730473048,10.60001833516685,1.145947928126146,0.8594609460946094,13.46,12.89
TACNA,2018,230000,23,354644,78,119,12,96,3,23,21.993886827353627,33.554776057116435,3.383674896515943,27.069399172127543,0.8459187241289857,6.485376884988891,21.99,33.55
TACNA,2019,230000,23,363205,51,100,13,94,1,12,14.041656915516032,27.532660618658884,3.579245880425655,25.880700981539352,0.27532660618658883,3.3039192742390657,14.04,27.53
TACNA,2020,230000,23,370974,9,144,3,133,0,7,2.4260460301800126,38.8167364828802,0.8086820100600042,35.85156911266019,0.0,1.8869246901400096,2.43,38.82
TACNA,2021,230000,23,377842,13,129,3,97,0,2,3.4405915700213314,34.14125481021168,0.7939826700049226,25.672106330159167,0.0,0.5293217800032818,3.44,34.14
TACNA,2022,230000,23,384222,79,153,38,132,0,3,20.561029821301226,39.82072864125428,9.89011561024616,34.35513843559192,0.0,0.7807986008089074,20.56,39.82
TACNA,2023,230000,23,390279,106,69,94,25,0,4,27.160057292347272,17.679659935584542,24.085333825289087,6.405673889704545,0.0,1.024907822352727,27.16,17.68
TUMBES,2000,240000,24,177914,327,0,35,0,0,0,183.79666580482706,0.0,19.67242600357476,0.0,0.0,0.0,183.8,0.0
TUMBES,2001,240000,24,181112,169,0,49,0,3,0,93.31242546048854,0.0,27.055081938248154,0.0,1.6564335880560095,0.0,93.31,0.0
TUMBES,2002,240000,24,184311,163,0,34,0,1,0,88.43747795845066,0.0,18.447081291946763,0.0,0.5425612144690225,0.0,88.44,0.0
TUMBES,2003,240000,24,187510,80,0,5,0,0,0,42.6643912324676,0.0,2.666524452029225,0.0,0.0,0.0,42.66,0.0
TUMBES,2004,240000,24,190709,62,0,2,0,0,0,32.51026432942336,0.0,1.0487182041749472,0.0,0.0,0.0,32.51,0.0
TUMBES,2005,240000,24,193908,101,0,11,0,1,0,52.086556511335274,0.0,5.672793283412752,0.0,0.5157084803102502,0.0,52.09,0.0
TUMBES,2006,240000,24,197107,129,41,5,0,1,0,65.44668631758384,20.80088479861192,2.536693268123405,0.0,0.507338653624681,0.0,65.45,20.8
TUMBES,2007,240000,24,200306,200,24,91,13,2,0,99.84723373238945,11.981668047886734,45.4304913482372,6.490070192605313,0.9984723373238945,0.0,99.85,11.98
TUMBES,2008,240000,24,203745,225,26,78,19,3,1,110.43215784436427,12.761049350904315,38.28314805271295,9.325382217968539,1.4724287712581903,0.4908095904193968,110.43,12.76
TUMBES,2009,240000,24,207184,177,24,31,23,2,1,85.43130743686771,11.583906093134605,14.962545370298864,11.101243339253998,0.9653255077612171,0.48266275388060853,85.43,11.58
TUMBES,2010,240000,24,210624,136,25,35,22,1,0,64.57003950167123,11.869492555454269,16.617289577635976,10.445153448799758,0.47477970221817073,0.0,64.57,11.87
TUMBES,2011,240000,24,214063,129,10,14,9,0,0,60.26263296319308,4.6715219351312465,6.540130709183745,4.204369741618122,0.0,0.0,60.26,4.67
TUMBES,2012,240000,24,217502,100,10,49,8,1,0,45.976588721023255,4.5976588721023255,22.528528473301396,3.6781270976818607,0.4597658872102326,0.0,45.98,4.6
TUMBES,2013,240000,24,220941,153,48,110,45,3,0,69.24925658886309,21.725256969055085,49.78704722075124,20.367428408489143,1.3578285605659428,0.0,69.25,21.73
TUMBES,2014,240000,24,224380,110,64,84,56,0,0,49.023977181566984,28.52304126927534,37.436491665923874,24.957661110615923,0.0,0.0,49.02,28.52
TUMBES,2015,240000,24,227820,138,66,89,53,0,0,60.57413747695549,28.970239662891757,39.06592924238434,23.26398033535247,0.0,0.0,60.57,28.97
TUMBES,2016,240000,24,231259,145,70,71,29,1,3,62.70026247627119,30.269092229924023,30.70150783320865,12.540052495254239,0.4324156032846289,1.2972468098538867,62.7,30.27
TUMBES,2017,240000,24,234698,276,79,129,39,0,2,117.59793436671808,33.660278315111334,54.964251932270415,16.617099421384076,0.0,0.8521589446863629,117.6,33.66
TUMBES,2018,240000,24,241321,175,143,68,45,0,0,72.51751816045848,59.25717198254607,28.178235628063863,18.647361812689322,0.0,0.0,72.52,59.26
TUMBES,2019,240000,24,246699,226,202,9,1,0,1,91.60961333446832,81.88115882107346,3.6481704425230745,0.4053522713914527,0.0,0.4053522713914527,91.61,81.88
TUMBES,2020,240000,24,251521,37,122,10,6,0,0,14.710501310029779,48.50489621144954,3.975811164872913,2.385486698923748,0.0,0.0,14.71,48.5
TUMBES,2021,240000,24,255712,87,70,23,7,0,0,34.02265048179201,27.374546364660244,8.994493805531222,2.7374546364660244,0.0,0.0,34.02,27.37
TUMBES,2022,240000,24,259556,184,56,91,2,0,0,70.89028957142197,21.57530552173712,35.05987147282282,0.7705466257763257,0.0,0.0,70.89,21.58
TUMBES,2023,240000,24,263164,238,188,85,52,0,4,90.4379018406773,71.43834263045098,32.29925065738475,19.759541578635375,0.0,1.5199647368181057,90.44,71.44
UCAYALI,2000,250000,25,373484,3315,0,826,0,26,0,887.5882233241584,0.0,221.1607458418567,0.0,6.9614762613659495,0.0,887.59,0.0
UCAYALI,2001,250000,25,381867,2171,0,510,0,31,0,568.5225484265465,0.0,133.55435269347706,0.0,8.118009673525076,0.0,568.52,0.0
UCAYALI,2002,250000,25,390249,2071,0,340,0,13,0,530.6868179034411,0.0,87.12386194455335,0.0,3.3312064861152755,0.0,530.69,0.0
UCAYALI,2003,250000,25,398631,1555,0,205,0,5,0,390.0850661388602,0.0,51.42600550383688,0.0,1.2542928171667531,0.0,390.09,0.0
UCAYALI,2004,250000,25,407013,1477,0,306,0,6,0,362.88767189254395,0.0,75.18187379764282,0.0,1.474154388189075,0.0,362.89,0.0
UCAYALI,2005,250000,25,415395,1879,0,334,0,9,0,452.34054333826845,0.0,80.4053972724756,0.0,2.1666125013541326,0.0,452.34,0.0
UCAYALI,2006,250000,25,423777,2196,13,517,9,7,0,518.1970706291281,3.0676511467115954,121.99812637306886,2.123758486184951,1.6518121559216286,0.0,518.2,3.07
UCAYALI,2007,250000,25,432159,1717,60,342,26,16,1,397.30747248119326,13.883778886937447,79.13753965554343,6.01630418433956,3.7023410365166525,0.23139631478229078,397.31,13.88
UCAYALI,2008,250000,25,443843,1939,74,333,20,7,1,436.866189170495,16.672562144722345,75.02652965125056,4.506097876951985,1.577134256933195,0.22530489384759927,436.87,16.67
UCAYALI,2009,250000,25,455527,2260,33,293,4,15,0,496.1286597720881,7.244356536495093,64.32110500585037,0.8781038226054657,3.292889334770497,0.0,496.13,7.24
UCAYALI,2010,250000,25,467211,2042,58,325,25,17,0,437.0616274017521,12.414091277816663,69.56171836707611,5.350901412852009,3.638612960739366,0.0,437.06,12.41
UCAYALI,2011,250000,25,478895,1422,97,287,59,9,0,296.9335658129653,20.254961943641092,59.929629668298894,12.32002839870953,1.8793263659048436,0.0,296.93,20.25
UCAYALI,2012,250000,25,490578,1332,102,421,51,18,6,271.51645609872435,20.791800692244657,85.81713815132355,10.395900346122328,3.6691412986314105,1.2230470995438034,271.52,20.79
UCAYALI,2013,250000,25,502262,1400,72,359,49,20,5,278.73898483261723,14.335147791391742,71.47663968207827,9.755864469141603,3.9819854976088176,0.9954963744022044,278.74,14.34
UCAYALI,2014,250000,25,513946,1030,52,223,17,10,0,200.4101598222381,10.117794476462509,43.38977246636806,3.3077405019204353,1.9457297070120205,0.0,200.41,10.12
UCAYALI,2015,250000,25,525630,1271,131,235,23,7,0,241.80507200882752,24.92247398360063,44.70825485607747,4.375701539105454,1.3317352510320948,0.0,241.81,24.92
UCAYALI,2016,250000,25,537314,1468,188,201,12,11,0,273.2108227219093,34.988851956211825,37.40829384680094,2.233330975928414,2.0472200612677134,0.0,273.21,34.99
UCAYALI,2017,250000,25,548998,1155,256,227,51,14,1,210.38328008480906,46.630406668148154,41.348055912772,9.28965132842014,2.550100364664352,0.18215002604745373,210.38,46.63
UCAYALI,2018,250000,25,558767,1555,397,304,90,27,7,278.2913092577049,71.0492924600057,54.40550354620083,16.10689249723051,4.832067749169153,1.2527583053401508,278.29,71.05
UCAYALI,2019,250000,25,574509,1178,389,190,158,21,9,205.0446555232381,67.70999235869238,33.07171863278034,27.50174496831207,3.6552952173073003,1.5665550931317003,205.04,67.71
UCAYALI,2020,250000,25,589110,549,236,84,97,24,27,93.1914243519886,40.06043014038126,14.258797168610277,16.465515778038057,4.073942048174365,4.5831848041961605,93.19,40.06
UCAYALI,2021,250000,25,602400,672,298,70,107,8,2,111.55378486055777,49.468791500664004,11.620185922974768,17.762284196547142,1.3280212483399734,0.33200531208499334,111.55,49.47
UCAYALI,2022,250000,25,615024,824,492,99,74,10,6,133.97851140768492,79.99687817060797,16.096932802622334,12.03205078175811,1.6259528083456904,0.9755716850074144,133.98,80.0
UCAYALI,2023,250000,25,627233,1085,258,130,68,17,16,172.9819700175214,41.133039875134116,20.725950324679985,10.841266323678761,2.7103165809196903,2.5508861938067673,172.98,41.13
